post_index,days_ago,publishDate_raw,format,likes,comments,shares,eng_score,permalink,text
0,2555,7yr,Text only,0,0,0,0,https://www.linkedin.com/posts/timoth%C3%A9e-roy-3a5492172_hager-gallery-gallery-activity-6503250822044872704-jrYr?utm_source=social_share_send&utm_medium=member_desktop_web&rcm=ACoAAB1zxT0BbT_wYsD16ZWWyviKhnV45MAVhAE,
1,2555,7yr,Text only,1,0,0,1,https://www.linkedin.com/posts/timoth%C3%A9e-roy-3a5492172_assistant-communication-activity-6516236741773389824-Eq_m?utm_source=social_share_send&utm_medium=member_desktop_web&rcm=ACoAAB1zxT0BbT_wYsD16ZWWyviKhnV45MAVhAE,
2,2555,7yr,Text only,0,0,0,0,https://www.linkedin.com/posts/timoth%C3%A9e-roy-3a5492172_le-journal-le-n%C3%A9goce-consacre-dans-son-activity-6488399923493502977-hLNI?utm_source=social_share_send&utm_medium=member_desktop_web&rcm=ACoAAB1zxT0BbT_wYsD16ZWWyviKhnV45MAVhAE,
3,2190,6yr,Text only,0,0,0,0,https://www.linkedin.com/posts/timoth%C3%A9e-roy-3a5492172_nouveautaez-bordeauxmaeztropole-activity-6572521282993168384-156N?utm_source=social_share_send&utm_medium=member_desktop_web&rcm=ACoAAB1zxT0BbT_wYsD16ZWWyviKhnV45MAVhAE,
4,2190,6yr,Text only,0,0,0,0,https://www.linkedin.com/posts/timoth%C3%A9e-roy-3a5492172_conferences-activity-6574680757120315392-h_vc?utm_source=social_share_send&utm_medium=member_desktop_web&rcm=ACoAAB1zxT0BbT_wYsD16ZWWyviKhnV45MAVhAE,
5,2190,6yr,Text only,2,0,0,2,https://www.linkedin.com/posts/timoth%C3%A9e-roy-3a5492172_programmation-activity-6547051749922914304-rrIJ?utm_source=social_share_send&utm_medium=member_desktop_web&rcm=ACoAAB1zxT0BbT_wYsD16ZWWyviKhnV45MAVhAE,
6,1460,4yr,Text only,0,0,0,0,https://www.linkedin.com/posts/timoth%C3%A9e-roy-3a5492172_lunion-europ%C3%A9enne-veut-d%C3%A9truire-les-cryptos-activity-6915343657348816896-QaCO?utm_source=social_share_send&utm_medium=member_desktop_web&rcm=ACoAAB1zxT0BbT_wYsD16ZWWyviKhnV45MAVhAE,
7,1460,4yr,Text only,0,0,0,0,https://www.linkedin.com/posts/timoth%C3%A9e-roy-3a5492172_stage-communication-activity-6859428156525301760-z69S?utm_source=social_share_send&utm_medium=member_desktop_web&rcm=ACoAAB1zxT0BbT_wYsD16ZWWyviKhnV45MAVhAE,
8,730,2yr,Text only,5,0,0,5,https://www.linkedin.com/posts/timoth%C3%A9e-roy-3a5492172_h%C3%A2te-de-vous-voir-lors-de-ma-conf%C3%A9rence-o%C3%B9-activity-7177215721272152064-zwPm?utm_source=social_share_send&utm_medium=member_desktop_web&rcm=ACoAAB1zxT0BbT_wYsD16ZWWyviKhnV45MAVhAE,"Ne manquez pas l'opportunité unique de vous plonger dans l'univers de LELOLUCE Officiel lors d'une conférence exceptionnelle. Découvrez les coulisses de sa création artistique, où modernité et innovation se rencontrent !"
9,730,2yr,Text only,2,0,0,2,https://www.linkedin.com/posts/timoth%C3%A9e-roy-3a5492172_ekaterina-aristova-activity-7197183638730326017-JAXg?utm_source=social_share_send&utm_medium=member_desktop_web&rcm=ACoAAB1zxT0BbT_wYsD16ZWWyviKhnV45MAVhAE,Check this out !
10,730,2yr,Text only,6,0,0,6,https://www.linkedin.com/posts/timoth%C3%A9e-roy-3a5492172_avant-hier-soir-a-marqu%C3%A9-un-nouveau-tournant-activity-7196833423204773888-Guct?utm_source=social_share_send&utm_medium=member_desktop_web&rcm=ACoAAB1zxT0BbT_wYsD16ZWWyviKhnV45MAVhAE,"Quel immense plaisir d'accompagner des artistes exceptionnels dans leur évolution, notamment lorsqu'ils se lancent dans une toute nouvelle aventure autour des RealWorldAsset. LELOLUCE Officiel incarne parfaitement la fusion entre la technologie et l'art. 

Si vous croyez en l'avenir des RWA, alors croyez en IRA.

Nos artistes sont en train de façonner l'avenir de l'industrie culturelle."
11,730,2yr,Text only,1,0,0,1,https://www.linkedin.com/posts/timoth%C3%A9e-roy-3a5492172_exclusive-launch-of-inrealart-presales-activity-7178483230155710464-2yoQ?utm_source=social_share_send&utm_medium=member_desktop_web&rcm=ACoAAB1zxT0BbT_wYsD16ZWWyviKhnV45MAVhAE,"👩‍🎨 🎨 🖼

 IRA Pre-sales available !

For more information and to reserve your artworks, visit our website: https://lnkd.in/gwJrN2-a"
12,730,2yr,Text only,14,0,0,14,https://www.linkedin.com/posts/timoth%C3%A9e-roy-3a5492172_ekaterina-aristova-n%C3%A9e-en-1986-activity-7190613620479655936-rvw0?utm_source=social_share_send&utm_medium=member_desktop_web&rcm=ACoAAB1zxT0BbT_wYsD16ZWWyviKhnV45MAVhAE,"🎨 Vente aux enchères en cours - Ekaterina Aristova - Christie's

Quel plaisir de vous présenter cette vente aux enchères exceptionnelle présentant une toile d’Ekaterina Aristova, artiste emblématique et fondatrice du mouvement révolutionnaire de l'art inconscient.

Ekaterina Aristova s'est lancée dans la création d'œuvres abstraites inspirées par la musique, réalisées les yeux fermés. Cette technique innovante lui permet ensuite de découvrir consciemment des formes et des significations dans ses peintures. Cette méthode originale confère à ses œuvres une profondeur et une intensité rares, encapsulant l'essence même de l'inconscient spirituel.

En espérant que l'œuvre inspirante d'Ekaterina Aristova vous apporte motivation et créativité en ce début de semaine !

Ekaterina Aristova
Christie's
IRA"
13,730,2yr,Image,8,0,2,12,https://www.linkedin.com/posts/timoth%C3%A9e-roy-3a5492172_bonne-ann%C3%A9e-2024-alors-que-nous-activity-7147510022317510656-diNp?utm_source=social_share_send&utm_medium=member_desktop_web&rcm=ACoAAB1zxT0BbT_wYsD16ZWWyviKhnV45MAVhAE,"🌟 Bonne année 2024 ! 🌟

Alors que nous accueillons cette nouvelle année, je tiens à exprimer ma gratitude envers chacun de mes collègues, partenaires et clients. 

Cette année, nous sommes plus motivés que jamais à relever de nouveaux défis et à explorer de nouvelles opportunités. Ensemble, continuons à innover, à grandir et à réussir.

Je vous souhaite à tous une année remplie de santé, de bonheur et de réussites professionnelles."
14,730,2yr,Long-form text,53,18,8,123,https://www.linkedin.com/posts/timoth%C3%A9e-roy-3a5492172_in-real-art-activity-7175774803566428161-MQeq?utm_source=social_share_send&utm_medium=member_desktop_web&rcm=ACoAAB1zxT0BbT_wYsD16ZWWyviKhnV45MAVhAE,"Chers tous,

Aujourd'hui marque un jour extraordinaire avec le lancement officiel de www.InRealArt.com, une plateforme innovante offrant une expérience inédite dans le monde de l'art. Nous avons créé un système novateur permettant l'acquisition d'œuvres d’art exceptionnelles, de NFTs associés et de droits de cession, le tout accompagné de galerie physique innovante intégrée à une DAO et soutenu par un jeton utilitaire. Nos œuvres sont déjà disponibles, et notre marketplace 3.0 arrivera sous peu. 

Je tiens à exprimer ma plus profonde gratitude à chacun celles et ceux qui ont contribués, de près ou de loin, à la réalisation de ce projet. Votre talent, votre passion et votre engagement ont été les pierres angulaires de cette réussite.
Benoit Tesson, Angélique Hernandez, Benjamin Lambert, François Guédron, Jules Berlivet, Yves Toiser, Quentin Deroissart, Antoine Vallée, Nicolas De Lima, Franck Moliner, Elodie Crespel , Gilles Bruno, Nino Lamoureux, Guillaume Lepeltier, Simon Maffre, Sébastien Gazeau, Pierre Fini, Catherine Meulemans

Sans oublier le soutien de : Romain SEILLES, Maxime Girard, Gauthier Depierre, Marion Courault, Marie-Pierre ESPOSITO et David B..

Merci à nos artistes remarquables qui ont enrichi notre projet de leur créativité, vous avez donné vie à notre vision avec votre art.
LELOLUCE Officiel, Ekaterina Aristova, Marc Peltzer, FRANCK ALAGNA, Cyril MACCIONI, Hervé BONSARD,  TAULAND Julian, Boucheix François, Her Pierrick. 👨‍🎨 

Ce lancement marque la fin de nombreuses années de travail acharné, mais surtout le début d'une nouvelle ère. Nous sommes impatients de voir InRealArt prospérer grâce à votre soutien continu et à votre passion.

Rejoignez-nous dans cette aventure passionnante en visitant www.InRealArt.com.

Ensemble, nous avons créé quelque chose de véritablement spécial, une nouvelle façon d'apprécier et d'acquérir l'art. Merci d'avoir rendu cela possible."
15,730,2yr,Text only,1,0,0,1,https://www.linkedin.com/posts/timoth%C3%A9e-roy-3a5492172_big-news-our-landing-page-takes-off-on-activity-7172236221660778497-hRXR?utm_source=social_share_send&utm_medium=member_desktop_web&rcm=ACoAAB1zxT0BbT_wYsD16ZWWyviKhnV45MAVhAE,
16,730,2yr,Image,24,4,1,38,https://www.linkedin.com/posts/timoth%C3%A9e-roy-3a5492172_alyra-promolovelace-blockchain-activity-7156179759658422272-Hk7G?utm_source=social_share_send&utm_medium=member_desktop_web&rcm=ACoAAB1zxT0BbT_wYsD16ZWWyviKhnV45MAVhAE,"🚀 Avec un grand enthousiasme, je franchis une étape cruciale en intégrant la formation certifiante Consulting Blockchain à l'école Alyra, l'école blockchain marquant ainsi le début officiel de mon parcours dans le domaine du conseil en blockchain.

Cette formation se présente comme une opportunité inégalée, me permettant de capturer et d'assimiler un éventail de connaissances précieuses, ce qui constituera un tremplin pour enrichir et élaborer avec finesse le projet communautaire IRA.

Je suis impatient d'échanger, de partager des perspectives et de forger des liens durables avec les alumni et les étudiants actuels d'Alyra. N'hésitez pas à me contacter pour construire ensemble un réseau solide ! 🤝

Je tiens à remercier Sébastien Gazeau, Yves Toiser et Gilles Bruno pour m'avoir démontré l'excellence pédagogique d'Alyra, l'école blockchain, ce qui a grandement influencé et motivé ma décision.

#Alyra #PromoLovelace #Blockchain #Formation #ConsultantBlockchain"
17,730,2yr,Long-form text,1,0,1,3,https://www.linkedin.com/posts/timoth%C3%A9e-roy-3a5492172_ira-inrealart-on-x-activity-7130781358754295808-U15f?utm_source=social_share_send&utm_medium=member_desktop_web&rcm=ACoAAB1zxT0BbT_wYsD16ZWWyviKhnV45MAVhAE,"Découvrez le Futur de l'Investissement : Les Real World Assets 🎨🏢

Les Real World Assets (RWA) sont en train de révolutionner l'industrie de l'investissement, ouvrant un monde d'opportunités passionnantes. Imaginez pouvoir investir dans des actifs tangibles tels que l'immobilier, l'art, ou les entreprises de manière fractionnée et liquide. C'est exactement ce que la tokenisation des actifs réels permet.

La tokenisation des Real World Assets promet de créer un écosystème financier bien plus inclusif et démocratique. Selon Binance Research, ce secteur devrait atteindre une valeur stupéfiante de 16 000 milliards de dollars d'ici 2030.

Qu'est-ce que la Tokenisation des Actifs Artistiques ? 🎨

La tokenisation des actifs artistiques consiste à représenter des œuvres d'art sous forme de tokens numériques sur une blockchain. Cette innovation permet à tout le monde de devenir propriétaire d'œuvres d'art prestigieuses, éliminant ainsi les barrières traditionnelles de l'investissement artistique.

Pourquoi les RWA sont Importants ? 💼

-Démocratisation de l'Art : Les RWA permettent à chacun d'investir dans l'art, préservant ainsi le patrimoine culturel tout en générant des rendements potentiels.

-Liquidité Accrue : Vous pouvez acheter, vendre et échanger des parts d'œuvres d'art à tout moment, ce qui augmente la liquidité du marché de l'art.

-Innovation Financière : La tokenisation des actifs artistiques ouvre la voie à de nouvelles opportunités d'investissement et de diversification de portefeuille.

Rejoignez Notre Nouveau Projet InRealArt  ! 🚀

Si vous êtes passionné par l'art, l'investissement, et les innovations financières, nous vous invitons à rejoindre notre nouveau projet qui vise à explorer les possibilités infinies des Real World Assets, en mettant particulièrement l'accent sur l'art. Rejoignez-nous pour être à l'avant-garde de cette révolution financière passionnante. Ensemble, nous pouvons façonner l'avenir de l'investissement artistique et ouvrir de nouvelles perspectives pour tous les amateurs d'art.

Twitter : https://lnkd.in/e8av3kFc

Discord : discord.gg/2T2AnjJ2cR

Page Linkedin : https://lnkd.in/eVAXeYKZ

Landing page : Incoming 

Marketplace TESTNET : Incoming

#RWA #NFT #ARTWORKS #DAO #IRATOKEN #GALERIES"
18,365,1yr,Image,21,5,3,42,https://www.linkedin.com/posts/timoth%C3%A9e-roy-3a5492172_inrealart-art-innovation-activity-7297970767407861761-M3XN?utm_source=social_share_send&utm_medium=member_desktop_web&rcm=ACoAAB1zxT0BbT_wYsD16ZWWyviKhnV45MAVhAE,"✨ Art in Motion, Innovation in Sharing ✨

This week, I have the pleasure of accompanying five talented artists: Adélaïde Leferme, Jean Paul Boyer, Catherine SENECHAL, LE PRINCE NADINE and Frédéric JULIEN at the Grand Palais - RMN (Officiel)  as part of an exceptional event bringing together 4,000 artists and 40,000 visitors.

A unique moment to exchange, discover, and share our common vision of a connected art world. I invite you to meet our InRealArt  artists, explore their universes, and discuss together the role of digital technology, blockchain, and real-world assets in the creation and valuation of art.

Looking forward to seeing you there!

#InRealArt #Art #Innovation #Blockchain #GrandPalais #Artists #Event #ConnectedArt"
19,365,1yr,Image,41,7,3,68,https://www.linkedin.com/posts/timoth%C3%A9e-roy-3a5492172_je-ne-s%C3%A9lectionne-que-des-artistes-capables-activity-7337720144015618048-le7c?utm_source=social_share_send&utm_medium=member_desktop_web&rcm=ACoAAB1zxT0BbT_wYsD16ZWWyviKhnV45MAVhAE,"💬 Je ne sélectionne que des artistes capables de déplacer les lignes.
Pas parce qu’ils doivent choquer ou séduire — mais parce que leur travail engage une tension : entre mémoire et rupture, entre matière et abstraction, entre tradition et mutation.

Chez InRealArt, c’est ce potentiel de transformation que nous cherchons à détecter.
📌 Une œuvre qui interroge les codes, sans forcément les casser.
📌 Un geste artistique qui s’inscrit dans l’histoire, mais qui en questionne les angles morts.
📌 Une vision qui porte en elle autre chose que de la forme : du sens, du risque, un futur.

C’est cette approche qui guide nos choix :
🔹 Une ligne curatoriale ancrée dans l’art contemporain “physique”, ses matériaux, ses gestes, ses savoir-faire.
🔹 Un intérêt affirmé pour les technologies émergentes — non comme gadget, mais comme prolongement possible d’une pensée artistique cohérente.
🔹 Un engagement fort pour la recherche, l’éditorialisation, et l’accompagnement de long terme.
🔹 Un focus sur des scènes décentrées, des parcours non standardisés, des trajectoires singulières.

Je ne cherche pas des profils rassurants.
Je cherche des artistes qui déplacent le regard.
Et mon rôle, en tant que CEO d’InRealArt, c’est de leur offrir les conditions pour exister pleinement : dans le marché, dans les récits, dans la durée.

📌 Si vous découvrez InRealArt à travers ce post :
Je m’appelle Timothée Roy, je suis le fondateur et CEO d’InRealArt.
Je suis agent d'artiste, conférencier et j’œuvre à créer des passerelles entre l’art contemporain, les enjeux patrimoniaux et les mutations technologiques.

🎯 InRealArt est né d’un constat simple : il manque encore des espaces pour accompagner durablement les artistes qui travaillent en tension entre héritage et innovation.
Nous en faisons une priorité.

📨 Pour toute question liée aux œuvres, aux expositions, aux projets de curation ou pour nous soumettre votre travail en tant qu’artiste, vous pouvez écrire à : teaminrealart@gmail.com
🔗 En savoir plus sur notre vision et nos activités : www.inrealart.com"
20,365,1yr,Image,22,1,2,29,https://www.linkedin.com/posts/timoth%C3%A9e-roy-3a5492172_inrealart-teamwork-art-activity-7316430722712416256-wNDA?utm_source=social_share_send&utm_medium=member_desktop_web&rcm=ACoAAB1zxT0BbT_wYsD16ZWWyviKhnV45MAVhAE,"A big thank you to the InRealArt team!

As we celebrate the launch of our new website and the exciting journey ahead, I want to take a moment to express my gratitude to everyone who’s been part of this incredible project.

Thank you to the IRA team for your dedication, hard work, and belief in our vision. You’ve all been the keystones in bringing this project to life, and I’m proud to work alongside such a talented team.

This is just the beginning, and I’m excited for what’s to come! 🚀

#InRealArt #Teamwork #art #RWA #Innovation #DigitalArt"
21,365,1yr,Image,50,6,4,76,https://www.linkedin.com/posts/timoth%C3%A9e-roy-3a5492172_blockchain-formation-alyra-activity-7267206246804373505-g-zC?utm_source=social_share_send&utm_medium=member_desktop_web&rcm=ACoAAB1zxT0BbT_wYsD16ZWWyviKhnV45MAVhAE,"🌟 Aujourd’hui, je représente fièrement Alyra, l'école blockchain & IA en tant qu’ambassadeur à Investir Day au Carrousel du Louvre, à Paris ! 🌍💼

🔗 Envie de découvrir comment Alyra forme les talents de demain dans la blockchain ? Découvrez les formations innovantes et engagez-vous dès maintenant sur la voie d’une carrière d’avenir : 

https://lnkd.in/ewyBNRNc 🚀

Cet événement est une occasion unique de plonger dans l’univers de la blockchain, d’échanger avec des experts et d’explorer les opportunités qu’offre cette technologie révolutionnaire. Venez discuter de vos projets et de blockchain en ma compagnie – c’est le moment idéal pour démarrer votre aventure avec Alyra, l'école blockchain & IA  !

📍 Carrousel du Louvre, Paris
📅 Le 26 novembre 2024

À très vite pour un moment riche en échanges et en découvertes ! 🙌

#Blockchain #Formation #Alyra #InvestirDay #CarrouselDuLouvre #Crypto #Innovation"
22,365,1yr,Text only,10,1,4,21,https://www.linkedin.com/posts/timoth%C3%A9e-roy-3a5492172_art-gallery-nft-activity-7290625455341096961-jVIt?utm_source=social_share_send&utm_medium=member_desktop_web&rcm=ACoAAB1zxT0BbT_wYsD16ZWWyviKhnV45MAVhAE,"🚀 Exciting Announcement 🎨

We’re thrilled to announce our exclusive partnership with Galerie Leadouze Gallery on Avenue Matignon, Paris! 🌍✨

Over 20 exceptional works of art will soon be available, both in-gallery and online. Our exclusive IRA x Leadouze catalog will also be available on request before the official minting! 📚

Introducing three visionary artists:

Daniel Castan – Urban landscapes 🌆
Tristan Saint Michel – Nature’s elegance 🌿
HRH Mounira Tousson – Majestic natural art 👑

Stay tuned for exclusive surprises around Soulages and more! 🎉

Through our tokenization technology, you can co-own these masterpieces and secure investments on the blockchain. Each physical artwork will be paired with a unique NFT for authenticity and provenance. 🧩

Our marketplace launch is coming soon—pre-reservations opening soon!

Thank you for being part of this groundbreaking journey. 🙏"
23,365,1yr,Image,8,0,1,10,https://www.linkedin.com/posts/timoth%C3%A9e-roy-3a5492172_we-have-received-numerous-messages-since-activity-7218890920551743488-1yqY?utm_source=social_share_send&utm_medium=member_desktop_web&rcm=ACoAAB1zxT0BbT_wYsD16ZWWyviKhnV45MAVhAE,"We have received numerous messages since the launch of our marketplace, and it truly warms our hearts! Blockchain is already complex, and real-world assets (RWA) are even more so. But thanks to the incredible support from our Vietnamese community and my followers here on LinkedIn, our team is more energized than ever. 💪

Thank you all for your enthusiasm and support. I will take the time to personally respond to each message received shortly. 🙏

Let’s continue this amazing journey together! 🚀"
24,365,1yr,Image,46,1,6,61,https://www.linkedin.com/posts/timoth%C3%A9e-roy-3a5492172_salondautomne2024-artcontemporain-exposition-activity-7255533350004699136-ZWyD?utm_source=social_share_send&utm_medium=member_desktop_web&rcm=ACoAAB1zxT0BbT_wYsD16ZWWyviKhnV45MAVhAE,"✨🎨 Rejoignez-moi au Salon d'Automne 2024 ! 🎨✨

C’est avec une immense fierté que je partage avec vous une nouvelle étape pour InRealArt IRA : Casino Royal, une œuvre fascinante de Catherine SENECHAL issue de notre catalogue, a été sélectionnée pour le Salon d’Automne 2024. Voir cette création rejoindre un événement aussi prestigieux, aux côtés de talents comme LE PRINCE NADINE aussi présente sur place, est un véritable honneur et une source d’inspiration pour toute notre équipe.

✨ Ce moment est le reflet de notre engagement à soutenir des artistes contemporains dans leur exploration et leur expression. Catherine SENECHAL et LE PRINCE NADINE incarnent l’ADN d’INRELART : audace, authenticité et créativité.

🌟 Le Salon d'Automne 2024 : plus qu’une exposition, c’est une célébration de l’art qui crée des ponts entre les cultures et les idées. Rejoignez-nous pour cette expérience unique d’échanges et de découvertes.


📅 Du mercredi 23 au dimanche 27 octobre 2024

⏰ Horaires : 11h à 20h tous les jours (dimanche, fermeture à 18h)

📍 Emplacement 52 : Venez découvrir notre univers, rencontrer des artistes passionnés, et plonger dans notre catalogue en un instant grâce à notre QR code.

📌 Lieu : Place Clemenceau, Pavillons éphémères, avenue des Champs-Élysées, 75008 Paris, France

🚶‍♂️ Vous ne pouvez pas être présent ? Notre catalogue en ligne est à votre disposition pour découvrir l’intégralité de nos œuvres sélectionnées exclusivement pour cet événement prestigieux.

https://lnkd.in/eWRR_iRA

🔖 #SalonDAutomne2024 #ArtContemporain #Exposition #ParisArt #INRELART #IRA #ART"
25,365,1yr,Text only,5,0,0,5,https://www.linkedin.com/posts/timoth%C3%A9e-roy-3a5492172_exciting-news-phase-2-of-our-test-net-activity-7216330085040091139-RA_9?utm_source=social_share_send&utm_medium=member_desktop_web&rcm=ACoAAB1zxT0BbT_wYsD16ZWWyviKhnV45MAVhAE,"Thrilled to announce that Phase 2 of our Test Net is launching soon! 🚀 Discover new features, quests on Zealy, and be among the first to provide feedback. Stay tuned for the guide!"
26,365,1yr,Text only,4,1,0,7,https://www.linkedin.com/posts/timoth%C3%A9e-roy-3a5492172_were-reaching-important-milestones-thanks-activity-7208790110828412928-u5YQ?utm_source=social_share_send&utm_medium=member_desktop_web&rcm=ACoAAB1zxT0BbT_wYsD16ZWWyviKhnV45MAVhAE,"🎉 IRA Test Net first Stats Are In! 🎉

I am thrilled to share some impressive numbers following the launch of our testnet! 🚀

📈 In just 3 days:

4500+ testers
1500+ newsletter sign-ups
1100 new Discord connections

A huge thank you to our incredible team and our users for their support and trust. 🙏

We are more motivated than ever to continue improving our marketplace to provide an even better experience for our users. Stay tuned, this is just the beginning! 🚀"
27,365,1yr,Long-form text,5,0,0,5,https://www.linkedin.com/posts/timoth%C3%A9e-roy-3a5492172_why-choosing-us-activity-7259507639691227136-yijw?utm_source=social_share_send&utm_medium=member_desktop_web&rcm=ACoAAB1zxT0BbT_wYsD16ZWWyviKhnV45MAVhAE,"InRealArt en Suisse : Une Exposition Incontournable à Croy-Romainmôtier ! 🇨🇭 

Je suis ravi de partager une nouvelle passionnante  ! Nous avons le plaisir d'annoncer une exposition d'art à Croy-Romainmôtier, en Suisse, mettant en avant les œuvres remarquables de Catherine Sénéchal. 🎨✨

📅 Dates de l'exposition : 4 au 30 novembre 2024

🌟 Vernissage : 7 novembre 2024

Cette exposition n’est pas seulement une vitrine d’art ; elle célèbre la créativité, l'innovation et le pouvoir transformateur de l’expression artistique. Dans le cadre enchanteur de Croy-Romainmôtier, les œuvres de Catherine explorent des thèmes d'abstraction et de créativité, nous invitant tous à découvrir le monde à travers son regard unique. Chaque pièce raconte une histoire distincte, offrant des perspectives qui résonnent sur un plan personnel.

📖 Je vous encourage à découvrir notre catalogue numérique exclusif pour cette exposition, que vous pouvez consulter ici : 

https://lnkd.in/eQB_wWGy. 

C’est une excellente occasion de plonger dans la vision artistique de Catherine et de découvrir la beauté qui nous attend.

✨ Cette collaboration souligne notre engagement à soutenir les artistes contemporains et à favoriser une communauté artistique dynamique. Nous attendons avec impatience le vernissage, où les participants auront l'opportunité d'échanger avec Catherine et d'en apprendre davantage sur son parcours artistique inspirant.

📍 Lieu : Restaurant de la Gare, Place de la Gare, 1322 Croy Romainmôtier, Switzerland

Je vous invite chaleureusement à participer à cette expérience immersive et inspirante. Ensemble, célébrons l'art et la créativité sous toutes leurs formes !
#ART #RWA"
28,365,1yr,Image,52,8,7,90,https://www.linkedin.com/posts/timoth%C3%A9e-roy-3a5492172_clap-de-fin-pour-le-ia-web3-event-%C3%A0-angers-activity-7263624108498735104-2B2b?utm_source=social_share_send&utm_medium=member_desktop_web&rcm=ACoAAB1zxT0BbT_wYsD16ZWWyviKhnV45MAVhAE,"🎉 Clap de fin pour le IA-WEB3 Event  à Angers !

🌟 Nous sommes honorés d’avoir décroché le deuxième prix du public après notre présentation. Merci pour cet accueil chaleureux et l’enthousiasme autour de notre projet RWA et communautaire.

🤝 Ce salon a aussi été l’occasion de rencontres inspirantes avec de nombreux experts, notamment Colin Schmidt, l’un des spécialistes de l’IA les plus reconnus en France 🇫🇷. Son intérêt marqué pour notre projet ouvre de belles perspectives, et nous vous préparons déjà quelques surprises !

🚀 L’aventure ne fait que commencer, et nous sommes plus motivés que jamais pour transformer nos ambitions en réalité.

Rejoignez nous : https://lnkd.in/eVXc_Dwy

Un grand merci pour votre soutien indéfectible ! 🙏"
29,365,1yr,Text only,3,0,0,3,https://www.linkedin.com/posts/timoth%C3%A9e-roy-3a5492172_artiste-exposition-savoie-activity-7284839817400446976-Vd3a?utm_source=social_share_send&utm_medium=member_desktop_web&rcm=ACoAAB1zxT0BbT_wYsD16ZWWyviKhnV45MAVhAE,go !
30,365,1yr,Text only,20,8,3,50,https://www.linkedin.com/posts/timoth%C3%A9e-roy-3a5492172_toute-l%C3%A9quipe-du-art-show-paris-vous-souhaite-activity-7285601650273091588-fEeG?utm_source=social_share_send&utm_medium=member_desktop_web&rcm=ACoAAB1zxT0BbT_wYsD16ZWWyviKhnV45MAVhAE,"✨ C'est avec grand plaisir que nous vous annonçons notre participation au salon ArtShow Paris 2025 aux côtés de notre talentueuse artiste, monique laville ! ✨

Organisé par BETTANCOURT harry et LMH CONCEPT EVENEMENTS SAS, cet événement incontournable se tiendra au Bastille Design Center, 74 bd Richard Lenoir, Paris, Île-de-France, 75011, du 2 au 4 février 2025.
Ce rendez-vous artistique unique sera l’occasion de découvrir des œuvres captivantes d’artistes émergents et confirmés.

🎨 Vous êtes chaleureusement invités à vivre ce temps fort de l’année avec nous ! Venez rencontrer notre équipe et monique laville pour échanger autour de l’art et de notre vision novatrice du marché de l’art en 2025.

Chez InRealArt, nous croyons fermement que la proximité avec les artistes et les acteurs du monde réel de l’art est essentielle pour établir une nouvelle norme.

🌟 RWA Hype ! Nous avons hâte de partager cette expérience avec vous."
31,365,1yr,Image,9,0,4,17,https://www.linkedin.com/posts/timoth%C3%A9e-roy-3a5492172_i-hadnt-planned-to-post-today-but-the-situation-activity-7315717156342562818-46GB?utm_source=social_share_send&utm_medium=member_desktop_web&rcm=ACoAAB1zxT0BbT_wYsD16ZWWyviKhnV45MAVhAE,"I hadn’t planned to post today, but the situation calls for it. We’ve been alerted to an ongoing scam on PumFun involving the IRA token, which hasn’t even launched yet.

We’re currently in discussions with the Pump Fun legal team to delist the token and take the necessary steps to prevent this kind of incident from happening again.

Stay safe out there — and feel free to join our airdrop if you’re interested."
32,365,1yr,Text only,6,1,0,9,https://www.linkedin.com/posts/timoth%C3%A9e-roy-3a5492172_leasing-art-rwa-activity-7313789771774844928-Fj6I?utm_source=social_share_send&utm_medium=member_desktop_web&rcm=ACoAAB1zxT0BbT_wYsD16ZWWyviKhnV45MAVhAE,"This Friday, April 4th, I’m thrilled to announce a major new partnership.
Following our first collaboration on Avenue Matignon, which laid the solid foundations of our ambitions, we are proud and honored to unveil our latest partnership with the prestigious Artthema Gallery.

InRealArt is entering a new chapter, as we prepare to welcome six internationally renowned artists, exhibited in leading museums and cultural capitals around the world. Over 30 exceptional works of art will soon be available.

🗓 Save the date — April 10th: all artworks from our various partnerships will be revealed with the launch of our brand-new website. This redesign officially kicks off the countdown to the launch of our marketplace, which is now in its final development phase.

I want to extend my heartfelt thanks to Catherine Meulemans, Director of Artthema Gallery, for her trust and commitment to the project. We’re proud to welcome her as an associate in charge of Sales at InRealArt.

More to come very soon. 🚀"
33,365,1yr,Text only,0,0,0,0,https://www.linkedin.com/posts/timoth%C3%A9e-roy-3a5492172_in-the-last-two-weeks-we-gathered-so-many-activity-7218732177092395010-GKSW?utm_source=social_share_send&utm_medium=member_desktop_web&rcm=ACoAAB1zxT0BbT_wYsD16ZWWyviKhnV45MAVhAE,The future is here !
34,365,1yr,Text only,0,0,0,0,https://www.linkedin.com/posts/timoth%C3%A9e-roy-3a5492172_bitcoin-activity-7218645262603300864-TA2o?utm_source=social_share_send&utm_medium=member_desktop_web&rcm=ACoAAB1zxT0BbT_wYsD16ZWWyviKhnV45MAVhAE,👀
35,365,1yr,Text only,28,12,4,72,https://www.linkedin.com/posts/timoth%C3%A9e-roy-3a5492172_monique-laville-activity-7272312445120008193-MWsY?utm_source=social_share_send&utm_medium=member_desktop_web&rcm=ACoAAB1zxT0BbT_wYsD16ZWWyviKhnV45MAVhAE,"✨ Une nouvelle artiste rejoint notre aventure ! 🎨

C’est avec enthousiasme que je partage en ce début de semaine une nouvelle qui fait briller notre communauté : monique laville, une artiste au talent exceptionnel, rejoint officiellement notre catalogue et notre marketplace. 

🌟 Son arrivée témoigne de la croissance continue de notre communauté artistique.

Avec monique laville  et tant d’autres artistes de talent, nous écrivons une nouvelle page du RWA en France et bien au-delà. Très prochainement, nous dévoilerons un partenariat ambitieux qui réunira une vaste communauté artistique et posera les fondations de nos galeries communautaires. 🖼️

Notre écosystème s’enrichit chaque jour grâce à l’énergie de talents uniques, au soutien de galeristes de renom, et à l’implication de notre communauté passionnée. 

🎉 L’année 2025 promet d’être un tournant majeur, pleine de surprise 🚀

👉IRA continue de grandir grâce à vous. Merci pour votre précieux soutien !

💬 Rejoignez la conversation, échangez avec nos artistes, notre communauté et notre équipe sur Discord : https://lnkd.in/eagQFqWz"
36,330,11mo,Image,18,2,1,26,https://www.linkedin.com/posts/timoth%C3%A9e-roy-3a5492172_tu-es-libre-mais-tu-ne-d%C3%A9cides-de-rien-activity-7348603318878842880-PtLp?utm_source=social_share_send&utm_medium=member_desktop_web&rcm=ACoAAB1zxT0BbT_wYsD16ZWWyviKhnV45MAVhAE,"Tu es “libre”. Mais tu ne décides de rien.

Libre de créer ce que tu veux…
Mais obligé de plaire à un algorithme pour être vu.
Libre de vendre en direct…
Mais sans données, sans audience, sans levier.
Libre de fixer tes prix…
Mais contraint de les baisser pour “être compétitif”.

C’est le paradoxe que vivent des milliers d’artistes chaque jour.

On te vend l’indépendance.
Mais tu avances sans carte, sans boussole, sans appui.

Et concrètement ?
– Tu gères seul.e toute ta communication
– Tu t’autoforme à des métiers qui ne sont pas les tiens
– Tu postes sans retour, sans feedback, sans direction
– Tu espères que “ça finira par prendre”
– Tu passes des heures à produire du contenu, pas du travail artistique

Et le pire, c’est qu’on te fait croire que c’est normal.
Que “ça fait partie du jeu”.

Mais non.

Créer n’est pas censé rimer avec s’épuiser.
Être artiste n’est pas censé signifier être invisible.

Ce qu’il te manque, ce n’est pas plus de motivation.
C’est un système qui te comprend, qui t’aide, qui te porte.

Parce que ton art a de la valeur.
Et ta vision mérite d’exister autrement que sous forme de likes.

Tu ressens ça toi aussi ?
FRANCK ALAGNA monique laville Catherine SENECHAL LELOLUCE Officiel Adélaïde Leferme jean paul BOYER Cyril MACCIONI ADAGP La Maison des Artistes Adami Fondation des Artistes"
37,330,11mo,Image,25,3,3,40,https://www.linkedin.com/posts/timoth%C3%A9e-roy-3a5492172_jai-eu-limpression-d%C3%AAtre-stupide-j-activity-7346062416490733568-tSQU?utm_source=social_share_send&utm_medium=member_desktop_web&rcm=ACoAAB1zxT0BbT_wYsD16ZWWyviKhnV45MAVhAE,"« J’ai eu l’impression d’être stupide. J’ai payé pour me faire accompagner… et j’ai rien compris. »

C’est ce qu’une artiste m’a raconté, les yeux baissés, entre incompréhension et honte.

Elle voulait juste apprendre à rendre son travail visible.
Mais à chaque tentative, elle est tombée sur des discours trop rapides, trop flous, trop techniques.
Elle a eu l’impression qu’il fallait déjà tout savoir pour comprendre.

Le référencement ? Du charabia.
Les stratégies de visibilité ? Un monde parallèle.
Et les conseils qu’on lui donnait ? Jamais pensés pour elle, ni pour sa réalité.

Elle ne cherche pas à “performer”.
Elle veut juste qu’on l’aide, sans jargon, sans pression, sans la faire culpabiliser.

Créer, c’est déjà exigeant.
Alors devoir, en plus, apprendre à se vendre, à se rendre visible, à tout comprendre seule… c’est trop.

Ce n’est pas un manque de volonté.
C’est un système qui oublie que chaque artiste a besoin d’un chemin clair, adapté, à sa mesure.

Aujourd’hui, je crois qu’il faut changer ça.
Aller vers plus de clarté, plus de simplicité, plus d’écoute.

Moins d'injonctions.
Plus d'accompagnement vrai.
Et des espaces où on a enfin le droit de dire :
« Je ne comprends pas » sans se sentir coupable.

Et vous ?
Vous aussi, ça vous est déjà arrivé de décrocher quand on vous parle de visibilité, d’algorithmes, de stratégie ?
Qu’est-ce qui vous aiderait, vous, à avancer sans vous trahir ?

Adélaïde Leferme Catherine SENECHAL Catherine Meulemans LELOLUCE Officiel Marc Peltzer Marie-Pierre ESPOSITO Cyril MACCIONI monique laville jean paul BOYER Pascale Defrancq ADAGP Adami"
38,330,11mo,Image,15,3,1,26,https://www.linkedin.com/posts/timoth%C3%A9e-roy-3a5492172_2000-euros-par-an-pour-un-avis-b%C3%A2cl%C3%A9-par-activity-7347867159814959105-EPhF?utm_source=social_share_send&utm_medium=member_desktop_web&rcm=ACoAAB1zxT0BbT_wYsD16ZWWyviKhnV45MAVhAE,"""2000 euros par an pour un avis bâclé par une inconnue qui n’a même pas vu que mes sculptures étaient modulables.""

C’est ce qu’un artiste m’a raconté ce week-end, autour d’un déjeuner.

Et il n’est pas un cas isolé.

Il avait payé une option “retour galerie” sur une marketplace réputée.
Il espérait un regard pro, un vrai échange.
Il a eu un copié-collé sans âme.
Son concept central ? Ignoré.

Des semaines à bosser sa présentation, ses visuels, son texte…
Pour un retour robotique, totalement à côté de la plaque.

Bienvenue dans l’envers du décor des plateformes “pro”.
Elles te vendent de la visibilité, de la crédibilité, du conseil, du réseau.

Mais en réalité ?
– Tu paies cher pour être mal compris
– Tu reçois des retours froids, impersonnels
– On t’évalue sans te lire, sans te voir

Pendant ce temps ?

Tu t’épuises. Tu doutes.
Tu fais tout, seul.
Et tu avances dans le flou.

Et quand tu poses LA question : pourquoi ça ne prend pas ?
On te balance : “Fais plus de contenu ! Mets-toi à TikTok ! Adapte-toi au marché !”

Mais non.
Le problème, ce n’est pas toi.
C’est un système pensé pour les plateformes, pas pour les artistes.

Il valorise le volume, pas la vision.
L’algorithme, pas l’intention.

Ce dont tu as besoin ?
Pas d’un avis automatique.
Pas d’un pseudo “expert” qui survole ton travail.

Tu as besoin d’un vrai cadre. D’écoute. De stratégie.
D’un espace où ton œuvre est comprise pour ce qu’elle est, pas pour ce qu’elle pourrait “mieux vendre”.

Ton travail mérite mieux.
Toi aussi.

Tu t’y reconnais ?
monique laville Adélaïde Leferme Catherine SENECHAL  jean paul BOYER    Marc Peltzer Cyril MACCIONI  LELOLUCE Officiel ADAGP La Maison des Artistes  Adami Fondation des Artistes Sorbac Marie Louise Catherine Meulemans"
39,330,11mo,Image,21,0,1,23,https://www.linkedin.com/posts/timoth%C3%A9e-roy-3a5492172_une-l%C3%A9gende-vivante-un-instant-suspendu-activity-7349336322752290816-Util?utm_source=social_share_send&utm_medium=member_desktop_web&rcm=ACoAAB1zxT0BbT_wYsD16ZWWyviKhnV45MAVhAE,"Une légende vivante.
Un instant suspendu.
Et moi, là, au milieu.
Transformé à jamais.

Aujourd’hui, j’ai envie de te parler d’un moment qui a vraiment compté.
Un tournant dans mon parcours.
Une rencontre rare et sincère, qui sont de celles qui rallument une flamme juste au moment où tu doutais encore.

Je parle de BOUCHEIX FRANCOIS.
Maître du surréalisme français.
Fondateur du rêvérisme, un courant né de son imaginaire sans limites.
Un homme qui a fait du rêve un art de vivre.

Dans le cadre de mon accompagnement artistique, j’ai eu l’immense privilège de franchir les portes du MUSEE SURREALISTE BOUCHEIX, exceptionnellement ouvertes pour moi dans la splendide Ville de Vichy.
Un lieu à son image : majestueux, coloré, musical, presque irréel.

Mais ce n’était pas juste une rencontre entre un jeune homme et une légende vivante.
C’était la rencontre de deux visions du rêve.
La mienne, encore en construction.
La sienne, façonnée par une vie entière de passion, de travail acharné, et de fidélité à soi.

Boucheix, ce n’est pas qu’un nom.
C’est une histoire.
Né en 1940 dans les monts d’Auvergne, il peint dès l’adolescence tout en travaillant.
Autodidacte, il expose dès 1960, signe avec une galerie parisienne en 1968, et fréquente Dali, Laurencin, Foujita.

Il rayonne dans les années 70, devient artiste résident au George V, et ouvre son musée en 2006.
Ses œuvres voyagent aujourd’hui aux Émirats, chez Park West Gallery, ou dans des collections privées.

Mais ce qui m’a le plus touché, c’est son humanité.
François m’a offert bien plus que du temps.
Il m’a partagé sa confiance, ses conseils, ses connexions.
Et surtout, sa lumière.

À chaque échange, je repars nourri, aligné, inspiré.
Son feu sacré est toujours là, intact.

Aujourd’hui, François peint moins.
Mais son esprit, sa vision du rêve, de la liberté et du sensible continuent de vivre.
Dans ses œuvres, bien sûr.
Mais aussi en nous, ceux qu’il a guidés.

François n’est pas seulement un artiste que j’ai eu la chance d’accompagner.
C’est un guide toujours disponible.
Un homme habité.
Un modèle de constance, de générosité, de fidélité à lui-même.

Grâce à lui, j’ai compris qu’on peut vraiment vivre ses rêves.
Mais qu’il faut le courage de les suivre, même dans l’incertitude.

Cette rencontre ne m’a pas simplement fait avancer.
Elle m’a transformé.
Elle m’a reconnecté à l’essentiel.
Une vraie rencontre d’âme à âme.

Et toi ?
Quelqu’un qui t’a réveillé, bouleversé, éclairé ?
Catherine Meulemans Maxime Girard Marie-Pierre ESPOSITO Alexandre LEADOUZE Laurence Esnol Mathilde BOUTHORS Adélaïde Leferme LELOLUCE Officiel Pierrick Her Marc Peltzer

Je t’écoute si tu veux partager. J’ai hâte de te lire."
40,330,11mo,Text only,24,3,8,49,https://www.linkedin.com/posts/timoth%C3%A9e-roy-3a5492172_artistes-%C3%A0-vous-de-jouer-rejoignez-activity-7349727902256533504-9C5S?utm_source=social_share_send&utm_medium=member_desktop_web&rcm=ACoAAB1zxT0BbT_wYsD16ZWWyviKhnV45MAVhAE,"🎨 Artistes, à vous de jouer ! Rejoignez notre projet InRealArt aux côtés de LELOLUCE Officiel, Catherine SENECHAL, Cyril MACCIONI, jean paul BOYER, FRANCK ALAGNA LE PRINCE NADINE Adélaïde Leferme et bien d'autres !

📩 Les candidatures sont ouvertes et chaque dossier est lu avec attention !
Maxime Girard Romain SEILLES Daniel Villa Monteiro, PhD  ADAGP La Maison des Artistes Catherine Meulemans 
N’hésitez pas à partager dans vos réseaux !"
41,330,11mo,Image,54,12,5,100,https://www.linkedin.com/posts/timoth%C3%A9e-roy-3a5492172_elle-a-failli-perdre-2-500-simplement-activity-7351135555155365889-BJaZ?utm_source=social_share_send&utm_medium=member_desktop_web&rcm=ACoAAB1zxT0BbT_wYsD16ZWWyviKhnV45MAVhAE,"🎨 ""Elle a failli perdre 2 500€… simplement parce qu’on lui a dit que son art était exceptionnel.""

La scène se passe il y a quelques semaines, sur un salon professionnel.

Une artiste me raconte, presque à voix basse, ce qui lui est arrivé.
Un “galeriste new-yorkais” la contacte sur Instagram.
Il veut lui acheter 3 œuvres. Pas de discussion sur le prix. Au contraire : il propose un chèque de 4 000€, “pour couvrir les frais”.

Mais très vite, il lui demande de reverser une partie de cette somme à une société de transport “partenaire” censée venir récupérer les œuvres.

Elle a un doute. Elle enquête.
La société n’existe pas.
Elle aurait pu perdre plus de 2 000€, et voir ses œuvres partir sans jamais être payée.

Ce type de scam est devenu un business structuré.
Il vise les artistes, les créatifs, les indépendants.
Et il joue sur leur plus grande force : la passion.

Ce qui m’a frappé, c’est qu’elle n’avait jamais osé en parler avant.
Par peur de paraître naïve.
Par honte d’avoir presque été dupée.

Alors aujourd’hui, je pose cette question :
Combien d’artistes autour de nous ont déjà reçu ce genre de message ?
Combien ont osé en parler ?
Si on brise le silence, on coupe l’herbe sous le pied aux arnaqueurs.

🎯 Vous êtes artiste ? Créatif ? Indé ?
Si vous avez vécu une situation similaire, vos retours sont précieux.
LELOLUCE Officiel Adélaïde Leferme Catherine SENECHAL FRANCK ALAGNA monique laville Cyril MACCIONI jean paul BOYER Pierrick Her ADAGP La Maison des Artistes"
42,330,11mo,Long-form text,10,0,4,18,https://www.linkedin.com/posts/timoth%C3%A9e-roy-3a5492172_stage-2-mois-marketing-contenu-tu-activity-7351251078237024258-VVXv?utm_source=social_share_send&utm_medium=member_desktop_web&rcm=ACoAAB1zxT0BbT_wYsD16ZWWyviKhnV45MAVhAE,"📢 [STAGE 2 MOIS] Marketing & Contenu — Tu veux mêler art, storytelling et web3 (sans bullshit) ?

🎨 Chez InRealArt, on ne cherche pas un(e) stagiaire qui fait des cafés.
On cherche quelqu’un qui veut mettre en lumière des artistes, créer du contenu qui a du sens, et expérimenter avec ce que l’art peut devenir dans un monde numérique.

On est une petite équipe, engagée, à fond sur les projets, et pas là pour faire semblant.
On a besoin de quelqu’un de débrouillard, curieux, et un peu obsédé par les idées bien racontées.

Tu es peut-être la bonne personne si :

Tu aimes écrire, créer, tester des formats (et tu ne postes pas ""juste pour poster"")

Tu connais un peu les bases de Canva, Insta, LinkedIn, Notion… ou tu apprends vite

L’art, la culture et le web3 t’intriguent (même si tu n’as pas encore tout compris à la blockchain)

Tu veux vraiment faire des trucs concrets, utiles, visibles

Tu n’as pas peur de proposer, de rater, puis de faire mieux

Ce que tu feras :
👉 Création de contenu autour de nos artistes et projets
👉 Animation des réseaux sociaux (Insta, LinkedIn, newsletter)
👉 Veille sur l’art, les tendances culturelles et le web3
👉 Participation à nos campagnes de mise en avant (expos, interviews…)

📍 100% télétravail
📅 2 mois, démarrage dès que possible

📮 Intéressé(e) ?

Tu peux aussi contacter directement un membre de notre équipe Maxime Girard Gilles Bruno Alexandre Masson Nino Lamoureux Jules Berlivet 🎯 Elodie Crespel 

Pas besoin d’un book parfait.
Juste l’envie d’apprendre, de créer, et de faire bouger un peu les choses."
43,330,11mo,Image,16,3,2,29,https://www.linkedin.com/posts/timoth%C3%A9e-roy-3a5492172_les-marketplaces-l%C3%A8vent-des-millions-et-activity-7344233866657775616-t39W?utm_source=social_share_send&utm_medium=member_desktop_web&rcm=ACoAAB1zxT0BbT_wYsD16ZWWyviKhnV45MAVhAE,"""Les marketplaces lèvent des millions. Et ce sont les artistes qui règlent la note.""
Il croyait trouver une vitrine.
Il a découvert une machine à cash.

Au début : un profil, quelques likes, deux ventes.
Il y croyait.
Puis la mécanique s’est révélée.
👉 Des frais “optionnels” devenus indispensables
👉 De la visibilité payante, inefficace mais incontournable
👉 Des commissions qui passent de 50 % à 65 %, sans prévenir
👉 Et un bel e-mail :
“Votre abonnement passe à 120€/mois. Merci de votre fidélité.”

Il a voulu poser des questions.
On lui a envoyé un bot.
Et un jour, il a vu ses œuvres utilisées dans une campagne marketing… sans autorisation.

C’est là qu’il a compris : 
Il n’était pas partenaire.
Il était un produit.
Un levier pour lever des fonds.
Alors il a tout retiré.
Découragé. Désabusé.
""J’ai cru qu’on me soutenait. En fait, on m’a pressé comme un citron.""

Il n’est pas seul.
Les témoignages se ressemblent :
❌ Œuvres utilisées sans autorisation
❌ Règles modifiées unilatéralement
❌ CGU blindées pour la plateforme, jamais pour l’artiste
❌ Procédures de retrait floues, dissuasives voir abusives
Ce n’est pas un bug.
C’est un business model.

🎨 Si tu es artiste, ou que tu travailles dans l’art, raconte ce moment où tu t’es dit :
""Je me suis fait avoir une fois, pas deux.""
Catherine SENECHAL monique laville Maxime Girard Adélaïde Leferme LELOLUCE Officiel ADAGP Cyril MACCIONI Marie-Pierre ESPOSITO
Partage ton expérience.
En commentaire ou en message privé.
Parce qu’il est temps d’en parler."
44,330,11mo,Image,45,13,4,92,https://www.linkedin.com/posts/timoth%C3%A9e-roy-3a5492172_13-%C5%93uvres-s%C3%A9questr%C3%A9es-des-toiles-vendues-activity-7343525122722476033-5sVx?utm_source=social_share_send&utm_medium=member_desktop_web&rcm=ACoAAB1zxT0BbT_wYsD16ZWWyviKhnV45MAVhAE,"🎨 ""13 œuvres séquestrées. Des toiles vendues, jamais payées. Et une artiste à deux doigts de dormir dans la rue.""

On s’imagine souvent que les galeries sont des lieux d’élégance, de passion, de respect pour l’artiste. Mais ce que je vois, ce que j’entends, c’est souvent tout l’inverse.

Une artiste m’a raconté ce qui lui est arrivé :
👉 13 œuvres bloquées dans une galerie
👉 Des toiles vendues, mais jamais réglées
👉 Aucune réponse pendant des mois
👉 Elle a fini par louer un camion, faire 1000 km, supplier pour récupérer ses propres œuvres
👉 Si elle n’avait rien fait, elle finissait à la rue
Et ce n’est pas un cas isolé.

Je reçois de plus en plus de récits qui se ressemblent.
Parfois encore plus absurdes. Ou violents.
– Des galeristes qui disparaissent à l’étranger, œuvres sous le bras
– Des contrats qui n’existent pas, ou qui désavantagent totalement l’artiste
– Une plateforme “digitale” à Andorre qui réclame 4000€ à des artistes pour récupérer leurs NFT(copie unique numérique d'une oeuvre physique)… alors que rien ne le justifie dans le contrat

Et en face ?
❌ Aucun cadre juridique solide
❌ Zéro transparence
❌ Beaucoup d’artistes qui n’osent pas parler, de peur d’être grillés
💥 On a banalisé la peur
💥 On a normalisé l’abus
💥 On a transformé le silence en condition de survie
📣 Cette situation est intenable.
📣 Ce système est à bout de souffle.

Si vous êtes artiste, ou que vous travaillez dans le domaine de l'art :
📩 J’aimerais lire vos retours. Vos histoires.
💭 Quelle expérience vous a fait dire : “Plus jamais ça” ? Adélaïde Leferme LELOLUCE Officiel monique laville Marc Peltzer LE PRINCE NADINE Maxime Girard Catherine SENECHAL Maxime Girard monique laville Cyril MACCIONI Catherine Meulemans
💬 On peut en parler ici ou en message privé."
45,330,11mo,Image,36,15,2,85,https://www.linkedin.com/posts/timoth%C3%A9e-roy-3a5492172_et-si-la-technologie-pouvait-enfin-servir-activity-7342836113234911233--5lz?utm_source=social_share_send&utm_medium=member_desktop_web&rcm=ACoAAB1zxT0BbT_wYsD16ZWWyviKhnV45MAVhAE,"🎨 Et si la technologie pouvait enfin servir l’art, au lieu de le dénaturer ?

Aujourd’hui, beaucoup d’artistes se sentent noyés dans un océan numérique où l’algorithme décide de leur visibilité, où la singularité se perd dans la masse, et où vendre une œuvre relève parfois du parcours du combattant.

J’ai longtemps observé ce paradoxe : plus le monde se digitalise, plus il devient difficile pour les créateurs de préserver l’authenticité de leur démarche et de toucher un public qui les comprend vraiment.

C’est en partant de ce constat que j’ai voulu imaginer une nouvelle façon d’accompagner les artistes. Une solution qui ne se contente pas de mettre des œuvres en ligne, mais qui crée de vrais ponts entre créateurs, entreprises et collectionneurs. Une plateforme qui redonne le pouvoir aux artistes, leur permet de valoriser leur patrimoine, de raconter leur histoire et de vendre, sans sacrifier leur identité.

Parce que chaque œuvre mérite d’être vue, comprise et soutenue.
Parce que l’art, ce n’est pas un luxe, mais un levier d’innovation, de transmission et de cohésion.

🎤 Vous êtes artiste, collectionneur, entreprise ou simplement passionné ?
💭 Partagez votre vision : Comment voyez-vous l’avenir du patrimoine artistique à l’ère digitale ? Maxime Girard monique laville Catherine SENECHAL Marc Peltzer Adélaïde Leferme Catherine Meulemans Alexandre LEADOUZE 
📩 Discutons-en en commentaire ou en message privé. L’avenir de l’art s’écrit ensemble."
46,330,11mo,Image,14,3,0,23,https://www.linkedin.com/posts/timoth%C3%A9e-roy-3a5492172_25-millions-d%C5%93uvres-130-000-artistes-activity-7345420124348137474-k-my?utm_source=social_share_send&utm_medium=member_desktop_web&rcm=ACoAAB1zxT0BbT_wYsD16ZWWyviKhnV45MAVhAE,"2,5 millions d’œuvres. 130 000 artistes. Et moins de 5 % qui vivent de leurs ventes.

C’est la réalité des grandes plateformes de vente d’art.

Tu penses t’y faire une place ?
On te vend de la visibilité, de l’exposition internationale, des acheteurs qualifiés.

Mais voici ce qu’on te donne vraiment :
– Zéro accompagnement stratégique ou humain
– Aucune donnée sur les acheteurs : tu ne construis aucune relation
– Des commissions allant jusqu’à 65 % sur chaque vente
– Tes œuvres bradées, à l’encontre de ta cotation
– Et systématiquement… un abonnement payant pour espérer être vu

Oui, tu paies pour être listé dans une vitrine où 95 % ne vendent rien.
Tu finances ton invisibilité.

Tu dois tout faire seul :
Créer, fixer un prix, rédiger les descriptions, publier, répondre, expédier, faire ton propre marketing…
Sans conseil, sans accompagnement, sans retours, sans stratégie.

Et si ça ne marche pas ?
Ce sera à toi de “mieux optimiser ton profil”.

On te traite comme un produit.
Interchangeable. Remplaçable. Jetable.

Mais ton travail mérite mieux qu’un algorithme.
Et toi aussi.

Tu as vécu la même chose ? FRANCK ALAGNA monique laville jean paul BOYER Adélaïde Leferme ADAGP Adami Fondation des Artistes Catherine SENECHAL  LELOLUCE Officiel Cyril MACCIONI Marie-Pierre ESPOSITO Catherine Meulemans Laurence Esnol Alexandre LEADOUZE
Raconte-moi en commentaire ou en message privé.
Je lis tout. Et je te répondrai."
47,330,11mo,Image,26,4,2,42,https://www.linkedin.com/posts/timoth%C3%A9e-roy-3a5492172_et-si-la-r%C3%A9ussite-dun-artiste-ne-tenait-activity-7341332928922062848-zqml?utm_source=social_share_send&utm_medium=member_desktop_web&rcm=ACoAAB1zxT0BbT_wYsD16ZWWyviKhnV45MAVhAE,"🎨 Et si la réussite d’un artiste ne tenait pas seulement à son talent, mais à l’accompagnement qu’il reçoit ?

Chez InRealArt, nous en sommes convaincus. Lors de la dernière édition d'ArtCapital au GrandPalaisRmn, nous avons eu la fierté d’accompagner quatre artistes aux profils et univers très différents. Leur point commun ? Un besoin d’être guidés à chaque étape : de la préparation de l’exposition à la valorisation de leurs œuvres, en passant par la gestion de leur présence digitale.

Dans les coulisses, notre accompagnement 360° a fait toute la différence :

✨ Conseils personnalisés pour scénographier leur travail et attirer l’œil des collectionneurs
✍️ Production de contenus co-construits , pour optimiser l’usage des nouveaux outils digitaux, avec une pédagogie accessible sur les technologies émergentes, aussi bien pour les artistes que pour les acquéreurs.
🌐 Mise en place de landing pages dédiées pour chaque artiste, afin de présenter leur parcours et leurs œuvres de façon claire et accessible
📣 Après l’événement : campagne de communication, interviews et suivi personnalisé pour renforcer leur visibilité et faciliter les rencontres avec de nouveaux partenaires

✅ Résultat : 4 artistes, 4 histoires, et un même sentiment partagé :
""Être accompagné, c’est aussi être compris et valorisé.""
🎨 Adélaïde Leferme 
🎨 Catherine SENECHAL
🎨 LE PRINCE NADINE
🎨 jean paul BOYER

👉 Et vous, quel accompagnement vous a permis d’aller plus loin dans votre parcours ?
📢 Partagez vos expériences ou vos attentes en commentaire !"
48,300,10mo,Image,15,4,2,31,https://www.linkedin.com/posts/timoth%C3%A9e-roy-3a5492172_en-2015-une-galerie-pouvait-encore-vivre-activity-7360563658889797633-Rxu1?utm_source=social_share_send&utm_medium=member_desktop_web&rcm=ACoAAB1zxT0BbT_wYsD16ZWWyviKhnV45MAVhAE,"En 2015, une galerie pouvait encore vivre avec trois collectionneurs fidèles, deux foires par an et un carnet d’adresses bien rempli.
En 2025, ce modèle a disparu.

Aujourd’hui :
-54 % des acheteurs d’art contemporain n’ont jamais mis les pieds dans une galerie (Hiscox Online Art Report 2024).
-Les ventes à plus de 50 000 € reculent de -12 % sur un an, tandis que celles à moins de 5 000 € progressent de +18 %, surtout via mobile (Art Basel & UBS 2025).
-41 % des artistes vendent directement via leurs réseaux, sans passer par un intermédiaire (ArtTactic, 2025).
-Le coût moyen d’un stand en foire internationale a augmenté de +28 % en 5 ans, alors que la rentabilité moyenne baisse (The Art Newspaper, 2024).

Ce n’est pas un ralentissement.
C’est un changement de centre de gravité.

Les murs blancs ne dictent plus la valeur.
Les foires ne sont plus le cœur du marché.
Les collectionneurs n’achètent plus pour “posséder"", ils investissent dans des idées, des causes, des expériences.

Les gagnants ne seront pas ceux qui tiennent.
Mais ceux qui inventent la suite.

💡 Moralité :
Ce n’est pas l’art qui est en danger.
C’est un écosystème figé qui refuse de muter.

Le marché n’est pas en train de ralentir.
Il change de gravité.
Et ceux qui restent accrochés à l’ancien monde vont tomber avec lui.

💭 Alors… qui est prêt à lâcher prise et construire la prochaine étape ?
Artistes, comment vivez-vous ce changement de paradigme ?

ADAGP La Maison des Artistes Adami Fondation des Artistes Fondation Taylor Catherine SENECHAL monique laville LELOLUCE Officiel Cyril MACCIONI FRANCK ALAGNA jean paul BOYER Le Salon d'Automne"
49,300,10mo,Image,10,1,0,13,https://www.linkedin.com/posts/timoth%C3%A9e-roy-3a5492172_ia-art-menace-ou-tremplin-lintelligence-activity-7361289305723412482-SFiL?utm_source=social_share_send&utm_medium=member_desktop_web&rcm=ACoAAB1zxT0BbT_wYsD16ZWWyviKhnV45MAVhAE,"🎨🤖 IA & Art : menace ou tremplin ?
L’intelligence artificielle peint, compose, écrit… à une vitesse vertigineuse.
Certains y voient une révolution.
D’autres, une menace.

💡 Ma conviction ?
Chacun a sa place.
L’IA n’a pas vos souvenirs, vos émotions, vos cicatrices créatives.
Elle peut surprendre… mais pas ressentir.

✅ Ce que l’IA peut apporter aux artistes :
Prototyper rapidement, explorer de nouveaux styles
Rendre la création plus accessible
Ouvrir des collaborations inédites homme-machine

⚠️ Ce qu’elle peut aussi menacer :
Diluer la valeur perçue de l’art
Poser des problèmes de droits d’auteur
Uniformiser les styles

🎭 Artistes, je vous pose la question :
Utilisez-vous l’IA dans votre art ?
L’avez-vous déjà testée ?
Ou la refusez-vous complètement ?
Ici, ni bonne ni mauvaise réponse.
Juste un espace pour échanger, débattre et s’enrichir des expériences de chacun.

💬 Partagez votre point de vue en commentaire ⬇️
ADAGP La Maison des Artistes Adami Fondation des Artistes monique laville Catherine SENECHAL LELOLUCE Officiel FRANCK ALAGNA Marc Peltzer Cyril MACCIONI"
50,300,10mo,Image,21,4,3,39,https://www.linkedin.com/posts/timoth%C3%A9e-roy-3a5492172_quand-lart-devient-une-le%C3%A7on-de-business-activity-7362392077256519680-Z774?utm_source=social_share_send&utm_medium=member_desktop_web&rcm=ACoAAB1zxT0BbT_wYsD16ZWWyviKhnV45MAVhAE,"🎨 Quand l’art devient une leçon de business…

Un client dit a un peintre en pleine exposition:
– Je vais acheter cette toile.
Le peintre répond :
– C’est une affaire, monsieur. J’y ai passé dix ans de ma vie.
– Dix ans ? Quel travail !
– Eh oui : deux jours pour la peindre… et neuf ans, 11 mois et 28 jours pour réussir à la vendre ! 😅

Moralité : parfois, la vraie œuvre n’est pas seulement sur la toile… elle est dans la persévérance, la patience… et un peu dans le marketing. 

Et vous, dans vos métiers, qu’est-ce qui vous prend le plus de temps : créer ou convaincre ?"
51,300,10mo,Image,8,3,3,23,https://www.linkedin.com/posts/timoth%C3%A9e-roy-3a5492172_pause-dej-pause-jeu-envie-de-stimuler-activity-7354087985572696065-fVE9?utm_source=social_share_send&utm_medium=member_desktop_web&rcm=ACoAAB1zxT0BbT_wYsD16ZWWyviKhnV45MAVhAE,"Pause dej’ = pause jeu ! 😄

Envie de stimuler votre œil de lynx pendant la pause ?
Voici un petit mot mêlé sur le thème de l’art 🎨

🧩 8 mots sont cachés dans la grille (je ne vous les donne pas, sinon c’est trop facile 😉)

👀 Le premier mot que vous trouvez = votre premier réflexe créatif
💬 Commentez @IRA pour participer,
📩 et envoyez vos réponses complètes en DM une fois que vous pensez avoir tout trouvé !

Quand les 8 mots auront été découverts collectivement, je le ferai savoir en commentaire 👌
Toile de : Marc Peltzer"
52,300,10mo,Image,26,7,2,51,https://www.linkedin.com/posts/timoth%C3%A9e-roy-3a5492172_on-lui-a-propos%C3%A9-de-vendre-sur-une-grande-activity-7353025518599839745-nvD2?utm_source=social_share_send&utm_medium=member_desktop_web&rcm=ACoAAB1zxT0BbT_wYsD16ZWWyviKhnV45MAVhAE,"On lui a proposé de vendre sur une grande marketplace. Mais aucun acheteur ne serait réellement là pour lui.

Un créateur me partage son expérience après avoir été sollicité par une plateforme bien connue, au nom rassurant, au site bien huilé, au discours rodé.

La promesse : accéder à un “immense marché”, des “millions de visiteurs” et une “visibilité mondiale”.
En apparence, une chance unique.
En réalité, un système déséquilibré.

Très vite, il découvre les conditions réelles :
– Aucun accompagnement sur les prix ou la mise en avant
– Aucune garantie de visibilité sans payer plus
– Aucune stratégie pour faire venir les bons acheteurs
– Et la concurrence de milliers d’autres artistes dans un algorithme opaque

Tout le poids repose sur le créateur.
La marketplace, elle, se rémunère… que vous vendiez ou non.

Ce modèle est légal, courant, parfois utile mais il repose sur une illusion : faire croire qu’on rejoint un réseau sélectif, alors qu’on paie pour exister dans une vitrine surchargée.

Une vraie plateforme valorise ses créateurs.
Elle les accompagne, les conseille, s’investit à leurs côtés.
Elle ne se contente pas d’encaisser sur leur dos, en laissant l’algorithme faire le reste.

Avez-vous déjà tenté ce genre d’aventure ?
Qu’en retenez-vous ?
Catherine SENECHAL Catherine Meulemans monique laville LELOLUCE Officiel jean paul BOYER Marc Peltzer FRANCK ALAGNA Nicolas Kaenzig Marie-Pierre ESPOSITO Léa Bobineau Mathilde BOUTHORS ADAGP La-MaisonDesArtistes.com"
53,300,10mo,Image,22,6,0,40,https://www.linkedin.com/posts/timoth%C3%A9e-roy-3a5492172_on-fait-croire-aux-artistes-que-lexposition-activity-7353329482612572160-JM0S?utm_source=social_share_send&utm_medium=member_desktop_web&rcm=ACoAAB1zxT0BbT_wYsD16ZWWyviKhnV45MAVhAE,"On fait croire aux artistes que l’exposition est l’aboutissement.
Que leurs œuvres, un jour, seront accrochées sous la lumière, contemplées en silence, reconnues.

On leur dit que c’est là que tout commence. Quand une galerie les choisit. Quand un salon leur ouvre ses portes. Quand le monde enfin les regarde.

Mais bien souvent, ce n’est pas un commencement.
C’est une pause. Une parenthèse.
Brève, silencieuse. Parfois vide.

L’artiste y entre avec l’espoir d’avoir franchi un cap.
Il en sort avec une facture, quelques sourires polis, et cette sensation étrange d’avoir été vu sans être vraiment reconnu.
Exposé sans être soutenu.
Accepté sans être accompagné.

C’est là que l’illusion s’installe.
On ne vend pas un engagement, on vend une place.
On ne propose pas un chemin, mais un instant figé.

Et pourtant, ce récit continue.
Parce qu’il rassure. Parce qu’il fait rêver.
Parce qu’il donne du sens à des années d’atelier, de solitude, de recherche.

Mais la reconnaissance artistique ne se joue pas sur un accrochage de quelques jours.
Elle se construit dans le temps.
Dans la relation.
Dans un regard qui dure.

L’artiste mérite plus qu’une vitrine.
Il mérite un dialogue.
Une présence. Une continuité.

Et vous qu'en pensez-vous ? 
Catherine SENECHAL FRANCK ALAGNA jean paul BOYER LELOLUCE Officiel Catherine Meulemans Nicolas Kaenzig Cyril MACCIONI Marc Peltzer ADAGP La Maison des Artistes"
54,300,10mo,Image,25,7,1,48,https://www.linkedin.com/posts/timoth%C3%A9e-roy-3a5492172_2-ans-dans-le-monde-de-lart-contemporain-activity-7355163812741664771-k0M3?utm_source=social_share_send&utm_medium=member_desktop_web&rcm=ACoAAB1zxT0BbT_wYsD16ZWWyviKhnV45MAVhAE,"🎭 2 ans dans le monde de l’art contemporain m’ont suffi pour comprendre plusieurs choses : Tout le monde souffre. Mais personne ne dit pourquoi.👇

🎨 Les artistes ?
Ils étouffent dans un système qui leur demande d’être à la fois :
— Créateur,
— Stratège,
— Communicant,
— Entrepreneur,
— Community manager.

Tout ça… sans filet. Sans revenu stable. Sans sécurité.
📉 Résultat ?
Ils produisent plus pour exister que pour dire quelque chose.
Et s’épuisent dans un jeu où l’attention vaut plus que la pertinence.

✖️ Tu veux exposer ? Il faut déjà avoir exposé.
✖️ Tu veux vendre ? Il faut déjà avoir vendu.
✖️ Tu veux être libre ? Il faut déjà être bankable.

Un cercle vicieux où le mérite ne suffit jamais.

🖼️ Les galeries ?
Elles tentent de survivre dans un écosystème fragilisé par :
— Des loyers absurdes,
— Une audience volatile, et de plus en plus rare
— Une pression de rentabilité immédiate.

💸 Elles veulent soutenir la création,mais finissent par faire des choix de sécurité, pas de risque.
Résultat ?
Elles misent sur des artistes déjà “prêts”, déjà “vendables”, déjà “codifiés”.

Et perdent ce qui faisait leur rôle :
👉 être des lieux de découverte, pas des salles d’exposition pour CV premium.

🛒 Les marketplaces ?
Elles promettaient la démocratisation.
Mais ont créé un supermarché globalisé de l’art, où tout se ressemble, tout se scrolle, tout se vend vite (ou pas du tout).

📦 Elles ont rendu l’œuvre ""produit"", et l’artiste ""profil vendeur"".
À la clé ?
— Des commissions énormes souvent accompagnées de rabais sur les toiles.
— Pas ou peu d'accompagnement
— Et une dilution totale du sens et du contexte.

Un monde où même les collectionneurs ne savent plus si ce qu’ils achètent est une œuvre ou un visuel à forte rentabilité potentielle.

❓Alors on fait quoi ?
Ni les artistes, ni les galeries, ni les plateformes ne sont le problème.
Mais le système est cassé.

Ce qu’il manque, ce n’est pas du contenu.
C’est de la vision.
Des espaces pour créer du sens, pas juste du chiffre.

👉 Artistes :
Vous avez le droit de ralentir. De questionner. De refuser les règles absurdes.
👉 Galeries :
Vous pouvez redevenir des passeurs, pas des vendeurs sous pression.
👉 Plateformes :
Vous pouvez repenser l’équation : pas juste ""comment vendre +"", mais ""pourquoi, à qui, et dans quel cadre ?""

🔁 Et si on arrêtait de jouer chacun dans notre coin ?

Et si on recommençait à parler de création avant de parler de monétisation ?

Parce qu’à la fin, ce n’est pas l’algorithme qui construit une carrière.
C’est un écosystème. Humain. Intelligent. Solidaire.

💬 Que tu sois artiste, galeriste, collectionneur·se ou juste passionné·e :
Quelle est TA réalité aujourd’hui dans le monde de l’art ?
Raconte-la en commentaire. On a besoin de plus de vérités, pas de plus de promesses.

ADAGP La Maison des Artistes Adami Fondation des Artistes Catherine Meulemans Alexandre LEADOUZE LELOLUCE Officiel Nicolas Kaenzig"
55,300,10mo,Image,25,2,0,31,https://www.linkedin.com/posts/timoth%C3%A9e-roy-3a5492172_artistes-comment-gagner-en-visibilit%C3%A9-activity-7354752335597760513-BMay?utm_source=social_share_send&utm_medium=member_desktop_web&rcm=ACoAAB1zxT0BbT_wYsD16ZWWyviKhnV45MAVhAE,"🎨 Artistes : comment gagner en visibilité sans vous épuiser ?
Créer, c’est une chose. Être vu, c’en est une autre.
Voici quelques conseils simples et durables pour mieux faire circuler votre travail :

Clarifiez votre univers
👉 Quel est votre fil rouge ? Quel sujet, quelle matière, quelle vibration revient toujours dans votre travail ?
Un artiste lisible est un artiste qu’on retient.

Montrez régulièrement, pas forcément souvent
👉 Il vaut mieux un post par semaine qui a du sens qu’un flux quotidien épuisant.
Montrez vos œuvres, mais aussi vos gestes, vos outils, vos doutes, vos lectures.
Laissez entrer le spectateur dans votre monde.

Soignez vos images
👉 Une œuvre mal photographiée ne rend pas justice à votre travail.
Lumière naturelle, mur neutre, cadrage simple. Investissez un peu de temps dans vos visuels : c’est votre vitrine.

Ayez un portfolio propre et accessible
👉 Un site, un PDF, un lien clair avec quelques œuvres, votre bio, vos infos de contact. Pas besoin de tout montrer — juste l’essentiel, bien présenté.
Cultivez des liens, pas des likes

👉 Commentez, échangez, posez des questions. La visibilité vient rarement de nulle part : elle grandit dans les liens sincères.
Un vrai réseau commence par un regard attentif sur le travail des autres.

🌱 La visibilité, ce n’est pas être “partout”.
C’est être au bon endroit, au bon moment, avec le bon message — celui qui vous ressemble.

ADAGP La Maison des Artistes Adami Fondation des Artistes Fondation des artistes monique laville Catherine SENECHAL LELOLUCE Officiel FRANCK ALAGNA Marc Peltzer"
56,300,10mo,Image,23,2,5,39,https://www.linkedin.com/posts/timoth%C3%A9e-roy-3a5492172_les-artistes-ne-manquent-pas-de-talent-activity-7359826292004831232--lOC?utm_source=social_share_send&utm_medium=member_desktop_web&rcm=ACoAAB1zxT0BbT_wYsD16ZWWyviKhnV45MAVhAE,"🎨 Les artistes ne manquent pas de talent.
Ils manquent d’accompagnement.

Sur la plupart des plateformes en ligne, la responsabilité de vendre et de valoriser leur travail repose entièrement sur les épaules des artistes.
Cela signifie qu’au-delà de créer, ils doivent aussi assurer seuls la promotion, la mise en marché et la connexion avec les bons publics.

Nous construisons le chaînon essentiel qui relie talent, marché et patrimoine : 

👉 Des espaces de sélection et de curation pour mettre en valeur les œuvres
👉 Une place de marché nouvelle génération, tournée vers l’avenir, pour connecter créateurs et acheteurs dans un environnement repensé
👉 Des passerelles vers les marchés physiques et numériques pour multiplier les opportunités
👉 Des outils de capitalisation et transmission pour protéger la valeur dans le temps
👉 Une ligne éditoriale forte pour interpréter et raconter ce qui rend chaque création unique

📌 Apporter des réponses concrètes aux artistes, collectionneurs et institutionnels, c’est notre mission, et c’est ce que nous faisons.

💬 Selon vous, quelle est aujourd’hui la plus grande barrière qui empêche un artiste de vivre pleinement de son art ?
ADAGP La Maison des Artistes Adami Fondation des Artistes Fondation Taylor Fondation Louis Vuitton Frac Nouvelle-Aquitaine MÉCA Marie-Pierre ESPOSITO"
57,300,10mo,Image,21,0,0,21,https://www.linkedin.com/posts/timoth%C3%A9e-roy-3a5492172_%C3%AAtre-sculpteur-aujourdhui-cest-exercer-activity-7355847013122330628-a5pS?utm_source=social_share_send&utm_medium=member_desktop_web&rcm=ACoAAB1zxT0BbT_wYsD16ZWWyviKhnV45MAVhAE,"🗿 Être sculpteur aujourd’hui, c’est exercer un métier qui va à contre-courant.`

Dans un monde où l’art doit être rapide à produire, facile à exposer et léger à expédier, la sculpture reste une pratique coûteuse, lourde et complexe à faire exister.

Et c’est justement pour ça qu’elle compte.

Le premier obstacle, c’est l’investissement de départ.
Travailler le volume, c’est faire face à des coûts que peu d’artistes peuvent assumer seuls :
-des matériaux de base onéreux (bois, bronze, pierre, métal, résine),
-des outils spécialisés et souvent dangereux,
-un atelier adapté, spacieux, avec des normes de sécurité.

Avant même de créer une pièce, il faut trouver de quoi produire, stocker et sécuriser. Pour un jeune artiste, c’est presque impossible sans soutien.

Le deuxième, c’est la logistique.
Exposer une sculpture, c’est un défi permanent. La plupart des œuvres nécessitent :
-des transports coûteux et spécialisés,
-des emballages sur mesure,
-des lieux capables de les accueillir (en termes d’espace, d’accès, de poids).

C’est souvent l’artiste qui assume tout.
Et parfois, une œuvre ne peut tout simplement pas être montrée. Pas parce qu’elle n’est pas pertinente. Mais parce qu’elle ne “passe pas la porte”.

Enfin, il y a l’invisibilité.
Les appels à projets, foires, galeries, plateformes sont majoritairement pensés pour des œuvres murales ou numériques.
La sculpture dérange le modèle économique : elle prend de la place, elle est difficile à vendre, elle coûte cher à exposer. Elle ne s’intègre pas dans le flux.

Résultat : une pratique centrale dans l’histoire de l’art devient marginalisée dans le système contemporain.

Et pourtant, les sculpteurs continuent.

Ils produisent des formes qui ne rentrent pas dans un écran.
Ils travaillent lentement, avec de la matière, du poids, du risque.
Ils fabriquent une œuvre qui existe dans l’espace, face au corps, et pas seulement dans l’image.

C’est une pratique exigeante. Elle mérite plus que de la tolérance occasionnelle.
Elle mérite une vraie place.

Tu es sculpteur·rice ? Tu as déjà dû renoncer à une expo à cause du poids ou du transport ? Raconte.
On a besoin de plus de visibilité sur ce que signifie vraiment faire de la sculpture aujourd’hui.
ADAGP La Maison des Artistes Adami jean paul BOYER"
58,300,10mo,Image,17,2,2,27,https://www.linkedin.com/posts/timoth%C3%A9e-roy-3a5492172_artiste-entrepreneur-deux-r%C3%B4les-quon-activity-7358746108774256640-zqh7?utm_source=social_share_send&utm_medium=member_desktop_web&rcm=ACoAAB1zxT0BbT_wYsD16ZWWyviKhnV45MAVhAE,"🔥 Artiste. Entrepreneur.
Deux rôles qu’on oppose souvent, alors qu’ils partagent bien plus qu’on ne le pense.

Créer, ce n’est pas seulement avoir des idées.
C’est monter un portfolio, démarcher des galeries ou des clients, constituer des dossiers, attendre des réponses, essuyer des refus.
C’est se rendre visible sans se trahir.
C’est apprendre à parler de soi sans se justifier.
C’est passer du doute à l’action, parfois dans la même journée.

C’est avancer sans garantie, sans stabilité, sans promesse.
C’est composer avec le stress, l’irrégularité, la fatigue, la peur de ne pas être à la hauteur.
Et malgré tout, continuer.
Parce qu’une flamme brûle.
Silencieuse. Mais indiscutable.

Ce qui pousse à continuer, ce n’est pas l’argent.
C’est ce besoin de créer quelque chose de concret, de transmettre, de toucher, de laisser une empreinte.
Même petite. Même fragile.
Mais vraie.

Créer, c’est tenir l’équilibre entre l’idéal et le réel.
C’est bâtir une trajectoire, même bancale au départ, et lui donner sens au fil du chemin.

Et vous, artistes
Ressentez-vous cela ?
Quelles expériences, quels doutes, quels petits succès avez-vous vécus malgré une situation imparfaite au départ ?

Votre témoignage peut inspirer ceux qui, eux aussi, avancent à tâtons mais avec le cœur
La Maison des Artistes ADAGP Fondation des artistes monique laville Catherine SENECHAL Cyril MACCIONI jean paul BOYER Marc Peltzer"
59,270,9mo,Image,17,3,0,26,https://www.linkedin.com/posts/timoth%C3%A9e-roy-3a5492172_et-si-les-vacances-%C3%A9taient-le-meilleur-activity-7363833268007276544-Mons?utm_source=social_share_send&utm_medium=member_desktop_web&rcm=ACoAAB1zxT0BbT_wYsD16ZWWyviKhnV45MAVhAE,"🎨 Et si les vacances étaient le meilleur moment pour redécouvrir l’art ?

On pense souvent que l’art, c’est réservé aux musées, aux galeries ou aux passionnés.
Mais en réalité, il se cache partout : dans un carnet de croquis griffonné au bord de l’eau, dans une photo prise au hasard d’une balade, dans un poème écrit sur un coin de serviette.

L’été, on a enfin ce temps précieux qu’on n’a pas le reste de l’année : celui de ralentir.
Et c’est dans ces moments-là que la créativité renaît.

👉 Créer, ce n’est pas “produire une œuvre”.
C’est simplement se donner l’occasion d’observer autrement, de s’exprimer, de ressentir.

Et souvent, ça fait plus de bien qu’on ne l’imagine.

Alors cet été, pourquoi ne pas essayer ?
Un pinceau, un appareil photo, un carnet… peu importe l’outil.
L’essentiel, c’est de laisser une trace de ce que vous vivez.

☀️ Et vous, comme notre artiste Ninu, trouvez-vous dans la nature l’inspiration pour vos créations ?
👉 Partagez vos expériences ou vos œuvres : j’adorerais les découvrir !

ADAGP Fondation des Artistes  Adami La Maison des Artistes monique laville Cyril MACCIONI Catherine SENECHAL Marc Peltzer jean paul BOYER LE PRINCE NADINE"
60,270,9mo,Image,21,4,3,39,https://www.linkedin.com/posts/timoth%C3%A9e-roy-3a5492172_le-march%C3%A9-de-lart-traverse-une-crise-activity-7366431956370210816-w4ap?utm_source=social_share_send&utm_medium=member_desktop_web&rcm=ACoAAB1zxT0BbT_wYsD16ZWWyviKhnV45MAVhAE,"💥 Le marché de l’art traverse une crise silencieuse.
Les galeries peinent à attirer des visiteurs.
Les marketplaces vendent des solutions payantes sans réel accompagnement.
Les foires demandent des frais significatifs sans garantie de vente, poussant de nombreux artistes dans des situations financières complexes.
Et pendant ce temps, une multitude de “coachs” et “agents d’artistes” prétendent réinventer les codes…

👉 Mais beaucoup oublient l’essentiel : le marketing.

Les artistes n’ont pas besoin de discours creux.
Ils ont besoin d’un écosystème qui les soutient, et non qui les ponctionne.
D’un accompagnement gagnant-gagnant, accessible, qui leur permet de se concentrer sur l’essentiel : créer et être visibles.

C’est exactement ce que propose InRealArt :
✅ Une agence de communication qui accompagne les artistes au quotidien
✅ Une marketplace de dernière génération qui valorise leurs œuvres et amplifie leur visibilité

Nous ne promettons pas une solution abstraite.
👉 Nous apportons du concret, pensé pour générer un vrai impact.

🚀 Vous voulez découvrir comment ?
👉 Réservez un échange ici : https://lnkd.in/eg8gMPZv"
61,270,9mo,Image,11,0,1,13,https://www.linkedin.com/posts/timoth%C3%A9e-roy-3a5492172_la-fin-de-l%C3%A9t%C3%A9-approche-on-range-les-activity-7364589263130095616-pfAh?utm_source=social_share_send&utm_medium=member_desktop_web&rcm=ACoAAB1zxT0BbT_wYsD16ZWWyviKhnV45MAVhAE,"🌅 La fin de l’été approche…
On range les valises, on referme les parenthèses.
Et si c’était le bon moment pour rouvrir une autre porte : celle de l’art ?

🖌️ L’art n’est pas un luxe.
C’est une manière de respirer différemment,
de transformer un instant banal en quelque chose d’unique.

🎨 Contempler une œuvre, c’est s’offrir un regard neuf.
✍️ Créer, c’est se donner un espace de liberté dans un quotidien trop cadré.
🎶 Vivre avec l’art, c’est accepter de ressentir plus fort, même ce qui dérange.

Dans un monde qui court, l’art ralentit.
Dans un monde qui produit, l’art rappelle qu’on existe.

👉 Ce n’est pas “inutile”.
C’est vital.

Alors avant la rentrée, pose-toi la question :
quelle place l’art occupe-t-il dans ta vie aujourd’hui ?

""Instant Hors du Temps"" - 100 x 81 cm - Pierrick Her"
62,270,9mo,Image,21,3,1,32,https://www.linkedin.com/posts/timoth%C3%A9e-roy-3a5492172_lhistoire-que-je-vais-vous-partager-n-activity-7363123948760223744-65_b?utm_source=social_share_send&utm_medium=member_desktop_web&rcm=ACoAAB1zxT0BbT_wYsD16ZWWyviKhnV45MAVhAE,"🎨 L’histoire que je vais vous partager n’est pas la mienne… mais elle pourrait être celle de nombreux artistes.

Un peintre que nous accompagnons m’a récemment confié son expérience lors d’un salon d’art.
Il avait payé son stand, préparé ses œuvres avec passion, espéré des rencontres.

La réalité ?

-Très peu de visiteurs.
-Presque aucun acheteur.
-Aucun accompagnement de la part des organisateurs.
-Et lorsqu’il a osé partager sa déception, le président de la foire… l’a envoyé balader.

👉 Imaginez ce que cela signifie : des mois de travail, d’investissement financier, d’énergie créative… balayés par l’indifférence.

En écoutant son récit, j’ai ressenti à la fois de la colère et de la tristesse. Parce que derrière chaque stand, il y a une vie consacrée à l’art. Parce que derrière chaque artiste, il y a une vulnérabilité qu’on ne peut pas traiter avec mépris.

Chez InRealArt, nous croyons qu’il est urgent de changer ce modèle :
✨ L’art ne doit pas être un décor, mais un dialogue.
✨ L’artiste n’est pas un “numéro de catalogue”, mais un auteur.
✨ Un salon n’est pas une foire vide, mais une scène vivante.

C’est pour cela que nous travaillons chaque jour à créer un espace qui valorise les artistes, qui les protège, qui leur donne de vraies rencontres et pas seulement des promesses creuses.

Je partage cette histoire parce que je suis convaincu d’une chose : si nous voulons que l’art continue de nourrir nos vies, nous devons commencer par respecter celles et ceux qui le portent.

👉 Et vous, avez-vous déjà entendu ou vécu ce genre de désillusion dans le monde de l’art ?
ADAGP Fondation des Artistes Adami La-MaisonDesArtistes.com monique laville Catherine SENECHAL jean paul BOYER Marc Peltzer LELOLUCE Officiel Ekaterina Aristova Cyril MACCIONI"
63,270,9mo,Image,18,7,2,43,https://www.linkedin.com/posts/timoth%C3%A9e-roy-3a5492172_je-le-dis-franchement-je-ne-suis-pas-activity-7366800182346149889-AcyW?utm_source=social_share_send&utm_medium=member_desktop_web&rcm=ACoAAB1zxT0BbT_wYsD16ZWWyviKhnV45MAVhAE,"Je le dis franchement :
👉 Je ne suis pas fan des influenceurs.
👉 Je ne crois pas aux posts creux juste pour gratter des likes.
👉 Je n’ai pas envie d’exposer ma vie privée pour faire du buzz.

Si je prends la parole ici, c’est pour une autre raison.
Pour partager ce que vivent les artistes.

Leurs peines : les refus, les projets avortés, les portes fermées.
Leurs victoires : une galerie qui croit en eux, un salon qui ouvre des perspectives, une rencontre qui change tout.
Parce que derrière chaque œuvre, il y a des combats.
Parce que derrière chaque carrière, il y a des cicatrices et des lumières.

💡 Mon rôle ? Donner de la voix à aux histoires des artistes.
Pas pour influencer. Mais pour témoigner, protéger et inspirer.

❓ Artistes, quels événements marquants de votre parcours méritent d’être entendus ?
ADAGP Fondation Taylor La-MaisonDesArtistes.com Montresso* Art Foundation Fondation Louis Roederer Le Salon d'Automne Adami"
64,270,9mo,Long-form text,30,2,3,42,https://www.linkedin.com/posts/timoth%C3%A9e-roy-3a5492172_les-journ%C3%A9es-nationales-des-artistes-se-terminent-activity-7372894138100367360-QIQF?utm_source=social_share_send&utm_medium=member_desktop_web&rcm=ACoAAB1zxT0BbT_wYsD16ZWWyviKhnV45MAVhAE,"En ce dimanche 14 septembre 2025, dernier jour des Journées Nationales des Artistes, je souhaite vous adresser quelques mots personnels.

Depuis des années, j’ai eu la chance de rencontrer des artistes aux parcours multiples. Certains, déjà consacrés, dont les œuvres voyagent des grandes galeries aux musées internationaux. D’autres, encore dans l’ombre, travaillent dans un atelier exigu, souvent la nuit après une journée dans un autre métier. Tous portent pourtant la même vérité : derrière chaque œuvre se cache une vie entière faite d’efforts, de solitude parfois, et d’une persévérance admirable.

Être artiste, ce n’est pas seulement créer. C’est résister. Résister au doute, aux refus, au manque de moyens. C’est avancer alors que tout semble pousser à renoncer. C’est transformer une émotion intime en un langage universel, donner corps à ce que les mots ne savent pas toujours dire.

On oublie trop souvent que l’artiste est le point de départ de tout. Sans lui, il n’y aurait ni collectionneur, ni galerie, ni marché. Et pourtant, combien se sentent isolés, parfois invisibles, alors même qu’ils sont le cœur battant de ce monde artistique. Vous êtes ceux qui bâtissent le sensible, ceux qui façonnent notre regard, ceux qui créent la matière première de l’émotion.

Je pense à vous en ce jour. À ceux qui ont pu suivre très tôt la voie de leur vocation. Et à ceux qui, tels des combattants, ont dû conquérir pas à pas leur place, dignes des entrepreneurs les plus tenaces. Être artiste, c’est entreprendre, inventer, persévérer, se relever sans cesse. C’est offrir une part de soi au monde, sans savoir si elle sera accueillie.

Depuis hier, pour célébrer le parcours unique des artistes, j’ai ouvert mon bureau à toutes celles et ceux qui façonnent le monde de l’art, qu’ils soient peintres, sculpteurs, photographes, illustrateurs, vidéastes, artistes numériques, performeurs, graveurs, designers ..

Je vous invite à venir échanger sur vos projets, partager vos doutes, vos ambitions, vos visions. Je serai heureux de vous donner des conseils adaptés à votre situation, qu’ils portent sur votre visibilité numérique, vos opportunités d’exposition ou sur votre rayonnement dans l’espace physique. Les derniers créneaux peuvent se réserver aujourd’hui.

Réservez votre moment ici :
https://lnkd.in/eg8gMPZv

Profitez de cette dernière journée, chers artistes. Vous le méritez, et nous avons le bonheur de vous voir rayonner.

ADAGP La-MaisonDesArtistes.com La Maison des Artistes Adami Ministère de la Culture"
65,270,9mo,Image,25,18,3,85,https://www.linkedin.com/posts/timoth%C3%A9e-roy-3a5492172_belle-rentr%C3%A9e-artistique-%C3%A0-tous-les-acteurs-activity-7369980239336189952-bhcz?utm_source=social_share_send&utm_medium=member_desktop_web&rcm=ACoAAB1zxT0BbT_wYsD16ZWWyviKhnV45MAVhAE,"✨ Belle rentrée artistique à tous les acteurs du secteur ! ✨

Je m’adresse à tous les professionnels, institutions et artistes pour vous transmettre mes encouragements les plus chaleureux.
Un salut tout particulier aux artistes et partenaires InRealArt : monique laville Ronan Martin LELOLUCE Officiel Ekaterina Aristova Cyril MACCIONI Marc Peltzer Catherine SENECHAL LE PRINCE NADINE Catherine Meulemans Galerie Leadouze Alexandre LEADOUZE Pierrick Her jean paul BOYER
Que cette nouvelle saison soit synonyme d’inspiration, de créativité sans limites, de projets ambitieux et de succès éclatants.

Le marché de l’art retrouve une belle effervescence en cette période clé : galeries, salons, expositions, événements… l’écosystème s’active pour une fin d’année riche en initiatives. Les opportunités sont nombreuses, mais derrière cette effervescence se dessinent des défis bien réels pour les artistes. Le marché devient de plus en plus complexe, exigeant et parfois difficile à naviguer.

Pour beaucoup, le quotidien artistique reste un vrai défi :
💸 Les coûts augmentent (matériel, production, logistique, salons…) et pèsent sur les budgets.
📑 Les démarches administratives restent longues et fastidieuses.
🤝 La confiance avec certains partenaires se construit avec difficulté.

Dans ce contexte, il est facile de se sentir isolé, même lorsque l’activité autour de vous semble reprendre.

Pourtant, cette rentrée est une période pleine de potentiel, d’opportunités et de rencontres.

Nous souhaitons vous offrir un espace d’écoute et de partage :
🎨 Présentez-nous votre art, vos projets et vos univers uniques.
💬 Parlez de vos réalités, vos besoins et vos ambitions pour cette saison.
🤝 Échangeons sur les opportunités et solutions pour donner plus de visibilité et d’accompagnement à vos projets.

📅 Réservez un rendez-vous ici : https://lnkd.in/eg8gMPZv
✅ Les places ne sont pas limitées : chaque artiste sera écouté et valorisé.

Vous n’êtes pas seuls. Vos voix comptent, votre créativité est précieuse et vos projets méritent d’être vus et soutenus. 🌟

Que cette rentrée soit une période riche en inspirations, collaborations et succès artistiques. Reconnectons, échangeons et construisons ensemble."
66,270,9mo,Image,25,6,1,45,https://www.linkedin.com/posts/timoth%C3%A9e-roy-3a5492172_attention-aux-fausses-opportunit%C3%A9s-artistiques-activity-7368224932184375296-DIcc?utm_source=social_share_send&utm_medium=member_desktop_web&rcm=ACoAAB1zxT0BbT_wYsD16ZWWyviKhnV45MAVhAE,"🚨 Attention aux “fausses opportunités” artistiques

On m’a récemment contacté pour participer à une “foire d’art internationale prestigieuse”.
Tout semblait parfait : promesse de visibilité, public de collectionneurs, mise en avant du travail de nos artistes.

Mais en creusant, la réalité était toute autre :
👉 Frais d’inscription exorbitants
👉 Aucune garantie sur le lieu ni le public
👉 Trop peu de communication réelle autour de l’événement
👉 Témoignages d’artistes qui n’ont jamais vu leurs œuvres exposées

Bref : un business modèle construit sur la naïveté et les rêves des artistes.

La vérité, c’est que beaucoup de “faux organisateurs” prospèrent en exploitant la soif de reconnaissance.

✅ Un conseil simple : avant de vous engager, cherchez des retours d’expérience, demandez une liste d’artistes ayant déjà participé et vérifiez la réputation des organisateurs.

👉 Et vous, avez-vous déjà été approché par ce type d’arnaque déguisée en opportunité ?
monique laville jean paul BOYER Ronan Martin LELOLUCE Officiel Ekaterina Aristova Cyril MACCIONI Marc Peltzer Pierrick Her ADAGP Adami La-MaisonDesArtistes.com"
67,270,9mo,Image,36,9,2,67,https://www.linkedin.com/posts/timoth%C3%A9e-roy-3a5492172_un-artiste-ma-dit-r%C3%A9cemment-je-passe-activity-7373621732437360640-2EZs?utm_source=social_share_send&utm_medium=member_desktop_web&rcm=ACoAAB1zxT0BbT_wYsD16ZWWyviKhnV45MAVhAE,"Un artiste m’a dit récemment :
“Je passe 90% de mon temps seul… et le reste à chercher comment vendre mes toiles.”

C’est le paradoxe de beaucoup d’artistes :
ils créent pour partager, mais finissent isolés,
ils maîtrisent leur art, mais pas les codes du marketing,
ils veulent être vus, mais n’osent pas se montrer.

Résultat : des œuvres incroyables qui restent invisibles.

Et si on changeait de regard ?
💡 Raconter une histoire autour de chaque création.
💡 Montrer le “coulisses” plutôt que juste le résultat.
💡 Oser parler chiffres, clients, stratégie et sans trahir son art.

Parce qu’au fond, le vrai risque pour un artiste…
Ce n’est pas d’être critiqué.
C’est de rester invisible.

👉 Artistes, quel est pour vous le plus grand obstacle aujourd’hui : le temps, la peur du jugement ou le manque d’outils marketing ?

monique laville FRANCK ALAGNA Catherine SENECHAL LE PRINCE NADINE Marc Peltzer Ronan Martin jean paul BOYER Pierrick Her"
68,240,8mo,Image,22,3,2,35,https://www.linkedin.com/posts/timoth%C3%A9e-roy-3a5492172_le-week-end-dernier-jai-laiss%C3%A9-derri%C3%A8re-activity-7379749588410486784-1D7N?utm_source=social_share_send&utm_medium=member_desktop_web&rcm=ACoAAB1zxT0BbT_wYsD16ZWWyviKhnV45MAVhAE,"🧑‍🎨 Le week-end dernier, j’ai laissé derrière moi le tumulte des grands salons. Tout près de chez moi, une petite salle communale accueillait une exposition. 

Pas de projecteurs, pas de champagne… juste des toiles encore imprégnées de leurs pinceaux, des regards timides, et cette ambiance si particulière des premiers pas. Je me suis arrêté devant plusieurs œuvres. Chacune portait une histoire, une tentative, une fragilité. Et dans les échanges avec leurs créateurs, un mot revenait sans cesse : la peur. 

La peur de se lancer. 
La peur de ne pas être à la hauteur. 
La peur de paraître “petit” face à ceux qui vendent déjà chez Christie’s ou dans les galeries les plus prestigieuses. 

À vous, artistes émergents, j’aimerais dire ceci : personne n’est jamais totalement légitime. Tout le monde doute. Tout le monde tâtonne. Tout le monde fait semblant au début… et parfois même longtemps après.

Et puis, il y a ce regard silencieux, parfois pesant, de la famille ou des proches. Quand on se lance, quoi qu’on entreprenne, il y aura toujours quelqu’un pour se demander : “Est-ce que ça vaut vraiment le coup ?” Ce doute, acceptez-le… mais ne le laissez jamais vous freiner. 

Les grands que vous admirez aujourd’hui ont connu, eux aussi, les refus, les critiques et la solitude. La différence ? Ils ont avancé malgré tout. 

Car au-delà de l’honneur d’exposer, l’art est avant tout une passation. Une transmission. La lumière des uns éclaire le chemin des autres. C’est dans ce partage que se construit une véritable communauté artistique. 

Ne vous laissez pas enfermer par vos doutes. Votre place existe. Elle se construit toile après toile, rencontre après rencontre, persévérance après persévérance. 

Osez. Même si ce n’est pas parfait. 
Montrez. Même si vous avez peur. 
Avancez. Parce que chaque grand parcours commence exactement là où vous êtes aujourd’hui. 

Et vous, qu’est-ce qui vous retient encore d’oser ? 
Notre porte est ouverte. On vous écoute. On prend le temps de découvrir votre univers. 
Profitez-en. Vous êtes différents, nous aussi. Et c’est précisément le moment de se rassembler.

LELOLUCE Officiel Ekaterina Aristova Ronan Martin Anna Normand Marc Peltzer monique laville Catherine SENECHAL jean paul BOYER FRANCK ALAGNA Cyril MACCIONI Pierrick Her LE PRINCE NADINE ADAGP Adami La-MaisonDesArtistes.com La Maison des Artistes"
69,240,8mo,Image,27,4,3,45,https://www.linkedin.com/posts/timoth%C3%A9e-roy-3a5492172_artistes-peintres-sculpteurs-attention-activity-7379070893412741120-sZEr?utm_source=social_share_send&utm_medium=member_desktop_web&rcm=ACoAAB1zxT0BbT_wYsD16ZWWyviKhnV45MAVhAE,"🚨 Artistes peintres, sculpteurs : attention aux fausses promesses.

Chaque année, des milliers de créateurs paient pour :
👉 des “coachings artistiques” sans suivi réel,
👉 des “expositions payantes” sans visiteurs ni acheteurs,
👉 des “programmes marketing” qui vendent du rêve mais se résument à poster 3 visuels sur Instagram…

📉 Les chiffres parlent d’eux-mêmes :
-En France, le revenu médian d’un peintre est autour de 10 500 €/an en région, contre 27 500 € en Île-de-France (Ministère de la Culture, 2022).
-Les sculpteurs ? 12 900 €/an en région, contre 42 800 € en Île-de-France (Ministère de la Culture, 2022).
➡️ Une réalité : la majorité survit plus qu’elle ne vit de son art.

Et pourtant, le marché de l’art pèse plusieurs milliards chaque année (Le Journal des Arts, 2019). Mais moins de 15 % des artistes disposent d’un accompagnement structuré et durable (CAAP, Maison des Artistes).
Résultat ? Un écosystème éclaté, peu régulé, où les arnaques prolifèrent.

🎯 Mon constat :
-Un coaching sérieux, ce n’est pas des promesses, c’est un cadre, des outils, et un vrai suivi.
-Un marketing utile, ce n’est pas “acheter de la visibilité” : c’est comprendre ses collectionneurs, structurer son identité, et transformer la communication en opportunités concrètes.
-Une exposition utile, ce n’est pas payer pour accrocher dans une salle vide, mais s’intégrer dans une stratégie de visibilité ciblée.
-Un accompagnement durable, c’est ce qui multiplie réellement les chances de transformer un talent en projet viable.

👉 Le problème n’est pas l’absence d’opportunités : elles existent.
Le problème, c’est l’absence d’écosystème fiable pour aider les artistes à y accéder sans se faire piéger.

Et vous ?
Avez-vous déjà vécu une expérience d’“opportunité payante” qui s’est révélée être une arnaque ?
Parlons-en. Parce que protéger les artistes, c’est construire l’écosystème qui leur manque aujourd’hui.

FRANCK ALAGNA Anna Normand Sandrine Hirson Marc Peltzer Ekaterina Aristova LE PRINCE NADINE Ronan Martin monique laville jean paul BOYER LELOLUCE Officiel Cyril MACCIONI Catherine SENECHAL ADAGP La Maison des Artistes"
70,240,8mo,Long-form text,11,0,1,13,https://www.linkedin.com/posts/timoth%C3%A9e-roy-3a5492172_salondautomne-inrealart-artmoderne-activity-7378331439840305152-6GGc?utm_source=social_share_send&utm_medium=member_desktop_web&rcm=ACoAAB1zxT0BbT_wYsD16ZWWyviKhnV45MAVhAE,"À un mois du Salon d’Automne 🎨

Ce lundi est un lundi spécial : nous sommes à 30 jours du Salon d’Automne, un événement qui me tient particulièrement à cœur. Un lieu emblématique, chargé d’histoire et de rencontres inspirantes. Dans un mois, nous aurons la chance de nous retrouver, d’échanger, de découvrir les talents d’aujourd’hui et de demain, et peut-être croiser le prochain Henri Matisse.

Ce qui rend ce salon unique ✨
-Un espace où les artistes peuvent expérimenter, partager et être célébrés pour leur créativité.
-Un rendez-vous pour tous ceux qui souhaitent découvrir les tendances et inspirations qui façonnent la scène artistique actuelle.
-L’opportunité de rencontrer des créateurs, des passionnés et des curieux dans un cadre qui valorise l’innovation et la liberté de création.

Une scène pour tous les artistes 👩‍🎨
Chaque participant contribue à faire vivre ce lieu unique. Les artistes émergents, confirmés ou audacieux trouvent ici un terrain d’expression, un public attentif et des connexions qui peuvent transformer leur parcours.

Pourquoi y assister 💡
Le Salon d'Automne n’est pas seulement une exposition : c’est un catalyseur d’inspiration, de dialogue et de découverte. Pour les artistes, c’est l’occasion de montrer leur univers ; pour le public, une invitation à se laisser surprendre et à soutenir la création contemporaine.

Et vous ? 🤔
Un salon vous a-t-il déjà marqué ? Comptez-vous venir rencontrer et soutenir les artistes du Salon d’Automne 2025 ?

#SalonDAutomne #InRealArt #CélébronsLesArtistes #ArtContemporain #Créativité #InnovationArtistique"
71,240,8mo,Image,25,2,1,33,https://www.linkedin.com/posts/timoth%C3%A9e-roy-3a5492172_le-march%C3%A9-de-lart-au-22-septembre-2025-activity-7375791798956494848-Mlm6?utm_source=social_share_send&utm_medium=member_desktop_web&rcm=ACoAAB1zxT0BbT_wYsD16ZWWyviKhnV45MAVhAE,"🎨 Le marché de l’art au 22 septembre 2025 : quelles tendances retenir ?
En 2024, le marché mondial de l’art a généré 57,5 milliards USD de ventes, soit une baisse d’environ 12 % par rapport à 2023 (rapport UBS & Art Basel 2025).

👉 Pourtant, le nombre de transactions a augmenté de 3 %, preuve que l’activité reste soutenue.
👉 Les ventes d’œuvres à plus de 10 millions USD ont chuté de 39 %.
👉 En France, le marché recule de 10 %, à 4,2 milliards USD, mais conserve sa place de 4ᵉ marché mondial.

👩‍🎨 Et les artistes dans tout ça ?
Les stars internationales voient leurs records s’essouffler.
Les artistes émergents peinent à percer, même si l’intérêt pour l’art contemporain reste vif.
Les artistes “mid-range” (5 000 à 50 000 USD) trouvent paradoxalement plus d’espace, avec une demande plus stable que pour les très hauts prix.

💡 Ce que ça signifie :
Le marché se “démocratise” : moins de méga-ventes spectaculaires, plus de collectionneurs qui achètent dans le milieu de gamme. Pour les artistes et galeries, c’est à la fois un défi et une opportunité : s’adapter, raconter, rapprocher.

❓ Et vous, du côté artistes ou collectionneurs : sentez-vous aussi que la dynamique se déplace vers des œuvres plus accessibles, quitte à bousculer la hiérarchie traditionnelle du marché ?"
72,240,8mo,Text only,5,0,2,9,https://www.linkedin.com/posts/timoth%C3%A9e-roy-3a5492172_cest-parti-pour-f%C3%AAter-ma-pr%C3%A9sence-au-activity-7382378317670141952-Maxe?utm_source=social_share_send&utm_medium=member_desktop_web&rcm=ACoAAB1zxT0BbT_wYsD16ZWWyviKhnV45MAVhAE,"Jeu concours exceptionnel d'une de nos artistes 

À l’occasion de sa participation au Salon d’Automne, Catherine SENECHAL a le plaisir d’organiser un jeu concours pour célébrer cet événement artistique.

L’artiste offre une petite toile intitulée « Boudoir », une œuvre délicate, intime et empreinte de poésie.

Vous avez également la possibilité de vous inscrire directement lors du Salon d’Automne pour rencontrer Catherine SENECHAL en personne, ainsi que l’équipe d’InRealArt, dans une ambiance conviviale et inspirante.

Participez pour tenter de remporter cette création unique et, par la même occasion, soutenir Catherine Sénéchal et son univers artistique, qui le mérite pleinement."
73,210,7mo,Image,32,0,2,36,https://www.linkedin.com/posts/timoth%C3%A9e-roy-3a5492172_salondautomne2025-artparis-artcontemporain-activity-7389568304543068160-Q9Af?utm_source=social_share_send&utm_medium=member_desktop_web&rcm=ACoAAB1zxT0BbT_wYsD16ZWWyviKhnV45MAVhAE,"Salon d’Automne 2025, Place de la Concorde

Le Salon d'Automne a ouvert ses portes hier dans une atmosphère vibrante, entre effervescence créative et rencontres d’exception.

Artistes, collectionneurs et passionnés se sont retrouvés au cœur de Paris pour célébrer la création sous toutes ses formes.

Une édition ambitieuse, portée par une curation exigeante et un engagement fort envers l’art contemporain. Bravo au Salon d’Automne pour cette mise en lumière magistrale.

Je suis présent toute cette semaine pour échanger, découvrir et construire de nouvelles collaborations.

Merci à Frédéric Julien JULIEN  Catherine SENECHAL LE PRINCE NADINE Victor Sasportas pour cette première journée inspirante, pleine d’énergie et de perspectives.

#SalonDAutomne2025 #ArtParis #ArtContemporain #Rencontres #Création"
74,210,7mo,Image,33,1,1,38,https://www.linkedin.com/posts/timoth%C3%A9e-roy-3a5492172_businessartfair-espacenesle-moniquelaville-activity-7388152069225861120-nAPo?utm_source=social_share_send&utm_medium=member_desktop_web&rcm=ACoAAB1zxT0BbT_wYsD16ZWWyviKhnV45MAVhAE,"🎨Business Art Fair 2025 – Espace Nesle, Paris ✨

Un grand merci à monique laville pour ce beau moment de partage et d’inspiration au Business Art Fair 2025.

Son univers, sa sensibilité et son énergie ont apporté une magnifique dimension à cette édition ! 💫

Même si je ne suis plus sur place, vous pouvez retrouver Monique Laville  aujourd’hui encore à l’Espace Nesle, pour le dernier jour d’exposition.

Ne manquez pas l’occasion de découvrir son travail et d’échanger avec elle !

📍 Espace Nesle – Paris

📅 Dernier jour – à ne pas manquer !

#BusinessArtFair #EspaceNesle #MoniqueLaville #ArtContemporain #ArtParis #Création #Inspiration"
75,210,7mo,Image,41,14,7,97,https://www.linkedin.com/posts/timoth%C3%A9e-roy-3a5492172_exposition-moniquelaville-inrealart-activity-7387383302829051904-83Mc?utm_source=social_share_send&utm_medium=member_desktop_web&rcm=ACoAAB1zxT0BbT_wYsD16ZWWyviKhnV45MAVhAE,"🎨 Ce samedi 25 octobre, je serai à l’Espace Nesle aux côtés de monique laville pour son exposition dans le cadre du Business Art Fair 2025.

C’est toujours un vrai plaisir de vivre ces moments sur le terrain, d’échanger avec les artistes que nous accompagnons et de voir les visiteurs découvrir leurs œuvres.
Les toiles de Monique, à la fois lumineuses et profondément poétiques, traduisent une émotion sincère. C’est un dialogue entre la nature, la couleur et la sensibilité du geste.

Nous serons heureux de vous accueillir à l’Espace Nesle, au cœur de Saint-Germain-des-Prés, pour échanger, découvrir, ressentir… et célébrer la création artistique ensemble.

📍 Espace Nesle – 8, rue de Nesle, 75006 Paris
📅 Exposition du 24 au 26 octobre 2025

💻 Vous ne pouvez pas venir ?
Pas de souci ! Plongez dans l’univers de Monique Laville et feuilletez son catalogue en ligne 👉
https://lnkd.in/eRcikS9r

#exposition #MoniqueLaville #InRealArt #BusinessArtFair #artcontemporain #Paris #culture #peinture #artlovers"
76,210,7mo,Image,22,1,2,29,https://www.linkedin.com/posts/timoth%C3%A9e-roy-3a5492172_hier-jai-eu-le-plaisir-et-lhonneur-daccompagner-activity-7389257508655357953-hv7y?utm_source=social_share_send&utm_medium=member_desktop_web&rcm=ACoAAB1zxT0BbT_wYsD16ZWWyviKhnV45MAVhAE,"Hier, j’ai eu le plaisir et l’honneur d’accompagner LE PRINCE NADINE et Catherine SENECHAL à l’occasion du vernissage du Salon d’Automne 2025, Place de la Concorde, à Paris.

Ce vernissage marque le top départ d’une édition exceptionnelle, ouverte jusqu’au 2 novembre.

J’ai également eu la joie de remettre, lors de cet événement, deux diplômes à Nadine Leprince et Catherine Senéchal, pour saluer la qualité de leur travail, leur engagement et leur contribution au projet InRealArt .

Un grand merci au Salon d'Automne pour son accueil et sa curation inspirante.

📍Je serai présent dès aujourd'hui et pour toute la semaine sur Le Salon d'Automne, Place de la Concorde à Paris. 
Si vous êtes professionnel de l’art, journaliste ou artiste, n’hésitez pas à venir me rencontrer sur place.
Vous pouvez également prendre rendez-vous via ce lien 👉 https://lnkd.in/eA6NJMv8

🎁 N’oubliez pas de vous inscrire au jeu-concours organisé par Catherine Senéchal jusqu’au 2 novembre pour tenter de gagner une toile exceptionnelle : https://lnkd.in/ex3sju3G

cc Maxime Girard Gilles Bruno Alexandre LEADOUZE Galerie Leadouze Catherine Meulemans Nicolas Kaenzig Christie's  Sotheby's monique laville Ekaterina Aristova LELOLUCE Officiel Frédéric Julien JULIEN"
77,150,5mo,Image,24,1,4,35,https://www.linkedin.com/posts/timoth%C3%A9e-roy-3a5492172_inrealart-terhoma-artetinnovation-activity-7411391099400900608-i_2l?utm_source=social_share_send&utm_medium=member_desktop_web&rcm=ACoAAB1zxT0BbT_wYsD16ZWWyviKhnV45MAVhAE,"2026 approche.
Mais 2025 est loin d’avoir dit son dernier mot.

Un grand merci au magazine TERHOMA et à Stéphane Thiery pour leur confiance et pour l’article consacré à InRealArt. 
Un regard juste sur notre projet, notre vision et notre manière d’aborder l’art autrement.

Oui, nous préparons des choses fortes pour 2026.
Des projets ambitieux. Des expériences nouvelles.
Et plusieurs annonces importantes arriveront très bientôt.

Mais avant cela, il y a ce qui existe déjà.
Et cela se découvre aujourd’hui.

👉 Découvrez InRealArt à travers l’article du magazine TERHOMA :
une plongée dans notre univers, là où l’art rencontre le réel et où l’innovation prend du sens.
https://lnkd.in/eCQAQfh4

Plusieurs pages sont également consacrées à une artiste qui nous est chère, Catherine SENECHAL, dont le travail continue de nous inspirer et de nourrir notre univers.

Merci à celles et ceux qui nous suivent, et à ceux qui nous découvrent maintenant.

#InRealArt #Terhoma #ArtEtInnovation"
78,150,5mo,Text only,13,3,2,26,https://www.linkedin.com/posts/timoth%C3%A9e-roy-3a5492172_in-real-art-activity-7408083749092876288-md2w?utm_source=social_share_send&utm_medium=member_desktop_web&rcm=ACoAAB1zxT0BbT_wYsD16ZWWyviKhnV45MAVhAE,"En cette fin d’année, nous avions envie de remercier celles et ceux qui nous soutiennent et nous font confiance au quotidien.

Avec Alain Pontecorvo, et en collaboration avec InRealArt , nous avons le plaisir de vous proposer une surprise toute particulière :
un jeu concours donnant accès à une toile originale exceptionnelle.

C’est une opportunité rare et précieuse de remporter une œuvre d’artiste, pensée pour traverser le temps et les regards.

Le jeu est ouvert jusqu’au 5 janvier 2025.
Le tirage au sort aura lieu à cette date.

👉 Pour participer :
https://lnkd.in/eBAQkSu4

Merci pour votre fidélité, et très belles fêtes de fin d’année."
79,150,5mo,Image,15,2,5,31,https://www.linkedin.com/posts/timoth%C3%A9e-roy-3a5492172_plus-que-quelques-jours-pour-participer-activity-7411654883738689536-bj8O?utm_source=social_share_send&utm_medium=member_desktop_web&rcm=ACoAAB1zxT0BbT_wYsD16ZWWyviKhnV45MAVhAE,"⏰ Plus que quelques jours pour participer !

Vous n’avez pas encore tenté votre chance ? Il est encore temps.
À l’occasion des fêtes, InRealArt et Alain Pontecorvo vous proposent de remporter une œuvre originale, signée par une figure incontournable de la publicité et de l’art contemporain.

Une pièce unique à gagner pour démarrer 2026 avec inspiration.

🗓️ Clôture du jeu : 5 janvier 2026
Tirage au sort le même jour.

👉 Je participe ici : https://lnkd.in/eajZiPjJ

cc Maxime Girard Karine Grchaghekyan Romain SEILLES Julien Collignon Daniel Villa Monteiro, PhD Nicolas Kaenzig"
80,150,5mo,Image,40,5,2,59,https://www.linkedin.com/posts/timoth%C3%A9e-roy-3a5492172_inrealart-catherinesaeznaezchal-exposition-activity-7417546382984667136-vW0J?utm_source=social_share_send&utm_medium=member_desktop_web&rcm=ACoAAB1zxT0BbT_wYsD16ZWWyviKhnV45MAVhAE,"Retour sur une magnifique exposition 

Hier, j’ai eu le plaisir d’être présent à l’exposition de Catherine SENECHAL, une artiste au travail remarquable.

👏 Félicitations à elle pour cette exposition exceptionnelle composée de 48 toiles, toutes plus saisissantes les unes que les autres.

🖼️ Une exposition à découvrir sans tarder au Ministère de l’Économie, des Finances et de la Souveraineté industrielle et numérique jusqu’au 29 janvier 2026 dans la salle du CASC à Paris - Bercy.

🙏 Un grand merci à Abraham Aronovitch , Lucia Mamos Moreaux, Victor Sasportas et à la marque Adam, représentée par Yves Goins, pour leur précieux soutien.

🔜 En attendant ArtCapital 2026 au GrandPalaisRmn , où Catherine Sénéchal sera également présente, ne manquez pas cette exposition incontournable.

📩 Abonnez-vous à la newsletter InRealArt pour ne rien manquer de l’actualité artistique :
👉 https://lnkd.in/ennzwp9B

#InRealArt #CatherineSénéchal #Exposition #ArtContemporain #Artiste #Peinture #Bercy #MinistereDesFinances #ArtCapital #Culture #ArtLovers #SoutienAuxArtistes"
81,150,5mo,Image,72,25,6,159,https://www.linkedin.com/posts/timoth%C3%A9e-roy-3a5492172_art-artiste-paytowin-activity-7418207342485278720-uxn1?utm_source=social_share_send&utm_medium=member_desktop_web&rcm=ACoAAB1zxT0BbT_wYsD16ZWWyviKhnV45MAVhAE,"400 dossiers, un seul constat : l’art est devenu un abonnement à la survie.

400+ candidatures d'artistes étudiées en 2025. 100+ rencontres en personne. Le bilan est alarmant..

Le système s'est inversé. Aujourd'hui, on demande à l'artiste de payer avant même d'avoir vendu sa première œuvre :

💶Payer pour être visible : médias, plateformes, marketplaces.

💸Payer pour être ""accompagné"" : coaching, programmes, ""accélérateurs"".

💰Payer pour exposer : location de murs, frais cachés, commissions abusives.

Une vérité qui dérange :  Selon les données de l'Insee et du Ministère de la Culture, près de 50 % des artistes plasticiens perçoivent des revenus artistiques inférieurs à 9 000 € par an, alors que les frais de service ""pay-to-display"" explosent.

Cette logique s'est banalisée : payer pour exister. Payer pour être légitime. Payer pour avoir une chance. Ce n'est pas un écosystème sain, c'est un péage. L'art ne devrait pas être une dépense fixe, mais un investissement partagé.

Le vrai problème ?  L'artiste est devenu le principal client d'un marché qui devrait pourtant vivre de ses créations.

Et vous, quelle est la limite que vous refusez de franchir pour ""exister"" dans ce milieu ? 🫵

LELOLUCE Officiel Pascale Defrancq  Maxime Girard  FRANCK ALAGNA  Anna Chrusciany  Anna Normand  Marc Peltzer Catherine SENECHAL Nicole AZOULAY  Marine Tassou  HaTiG Tigran AROUTUNIAN Antoine Junior Alves  Abraham Aronovitch françois poulat  Floart AUTELIN  jean paul BOYER  Jean-Marie Gitard Ronan Martin Sandrine Hirson  COSTIANU RODICA  Adélaïde Leferme Marie de Saint Germain  Marianne QUINZIN  Romain HURDEQUINT 
 
Artistes, vos retours sont essentiels.
Parlons-en. Ouvrons le débat.

#art #artiste #paytowin #culture"
82,150,5mo,Long-form text,24,3,5,43,https://www.linkedin.com/posts/timoth%C3%A9e-roy-3a5492172_catherine-senechal-contemporary-french-activity-7416483975638081537-xoZH?utm_source=social_share_send&utm_medium=member_desktop_web&rcm=ACoAAB1zxT0BbT_wYsD16ZWWyviKhnV45MAVhAE,"Vous aimez l’art ?
Vous êtes à Paris ?
Vous souhaitez découvrir une artiste au talent unique dans un cadre institutionnel exceptionnel ?

Un lieu habituellement fermé au public.
Des œuvres contemporaines qui dialoguent avec l’architecture et l’histoire.
Une soirée pensée comme une parenthèse artistique, au cœur d’un bâtiment emblématique de la République.

👉 Je serai présent tout au long de la soirée, aux côtés de Catherine SENECHAL, pour vous accueillir et échanger lors de ce vernissage unique.

📍Où : Ministère de l’Économie, des Finances et de la Souveraineté industrielle et numérique – Bercy - Ville de Paris
📅 Quand : Mercredi 14 janvier 2026
⏰ De 18h à 21h

Une expérience exclusive réunissant artistes, collectionneurs et amateurs d’art contemporain, dans un cadre rarement accessible.

📩 Vernissage sur inscription
Merci de m’envoyer un DM ou de contacter directement Catherine pour être ajouté(e) à la liste des participants.

🔗 Infos et catalogue :
👉 https://lnkd.in/ePCCsJAw

📬 Pour ne rien manquer de nos événements, expositions et artistes en 2026, inscrivez-vous à la newsletter InRealArt.
👉https://lnkd.in/ennzwp9B

Un lieu rare.
Un moment suspendu.
Une rencontre artistique à ne pas manquer.

InRealArt| La référence pour explorer, comprendre et collectionner l’art d’aujourd’hui 

cc Maxime Girard Romain SEILLES Julien Collignon Léa Boulhol Catherine SENECHAL Abraham Aronovitch Nicolas Kaenzig Anne-Cécile ECHELLE Catherine Meulemans Alexandre LEADOUZE Anna Chrusciany Stephane THERI Maxime Gorce Gilles Bruno Tom E. Peltriaux Ekaterina Aristova Guillaume Helluy Maxime Gaudubois Claire Versini

#artcontemporain #vernissage #artparis #evenementculturel #artinstitutionnel #collectionneurdart #artfrancais #artexperience
#InRealArt #CatherineSenechal"
83,120,4mo,Image,31,4,2,47,https://www.linkedin.com/posts/timoth%C3%A9e-roy-3a5492172_salon-artiste-artworks-activity-7424708427693752320-2gor?utm_source=social_share_send&utm_medium=member_desktop_web&rcm=ACoAAB1zxT0BbT_wYsD16ZWWyviKhnV45MAVhAE,"Chaque année, je me rends à Art Capital avec la même conviction : accompagner nos artistes et aller à la rencontre de ce que l’art contemporain a de plus précieux à offrir. 

Au-delà des œuvres, ce sont avant tout des rencontres humaines, des échanges sincères autour de l’art, dans un cadre sain, exigeant et bienveillant, qui donnent tout son sens à cet événement. 

Cette année encore, j’aurai le plaisir de m’y rendre entouré d’artistes exceptionnels, dont le travail, la sensibilité et la singularité méritent toute votre attention. 

En compagnie d’Anna Chrusciany et de Frédéric Julien JULIEN, nous vous proposerons un dispositif exceptionnel, pensé pour vous offrir une découverte approfondie des artistes, de leurs démarches et de leurs œuvres, dans des conditions privilégiées, aussi bien sur place qu’en ligne. 

⭐ Les artistes présentés : 
Catherine SENECHAL
LE PRINCE NADINE 
Adélaïde Leferme 
jean paul BOYER
Stefan Beiu 
Dominique Fonteneau 

Leurs œuvres, fortes et sensibles, dialoguent entre elles et racontent chacune une histoire singulière, à la croisée des regards, des matières et des émotions. 

N’hésitez pas à réserver dès maintenant votre visite guidée sur ce lien : https://lnkd.in/eURr_qSy 

⚠️ Les places sont limitées. 

Nicolas Kaenzig Frédéric Julien JULIEN jean paul BOYER Adélaïde Leferme Ville de Paris GrandPalaisRmn Salon des Artistes Français Rachida Dati Guillaume Helluy SALON COMPARAISONS Maxime Girard Catherine SENECHAL LE PRINCE NADINE Victor Sasportas Gilles Bruno

Nous aurons un immense plaisir de vous accueillir et de partager avec vous ce moment unique, au cœur d’Art Capital. 

#salon #artiste #artworks #peintures #grandpalais #paris #artcapital"
84,120,4mo,Image,69,5,4,92,https://www.linkedin.com/posts/timoth%C3%A9e-roy-3a5492172_art-galerie-artistes-activity-7424057145194704896-lfZq?utm_source=social_share_send&utm_medium=member_desktop_web&rcm=ACoAAB1zxT0BbT_wYsD16ZWWyviKhnV45MAVhAE,"Les foires d’art : l’investissement qui peut coûter une galerie entière 🚨

Tout le monde en parle comme du passage obligé pour exister : participer à une foire, c’est être visible, rencontrer des collectionneurs internationaux et asseoir sa crédibilité. Mais la réalité est bien moins rose.

📊 Pour une petite galerie, le coût moyen d’une foire représente entre 15 % et 25 % du chiffre d’affaires annuel. Une seule participation peut donc mettre en danger toute l’activité de l’année. L’illusion de l’investissement devient un pari financier à haut risque.

Pourquoi tant de galeries se retrouvent piégées ?

💸 Des dépenses incontournables avant toute vente : stand, transport, assurance, scénographie, hébergement, communication… tout est payé avant même de savoir si la foire sera rentable.

❓Une rentabilité incertaine : la concurrence est massive, le temps d’attention des collectionneurs limité. Beaucoup repartent avec peu ou pas de ventes.

📢 La pression sociale et marketing : ne pas participer peut être perçu comme un signe de faiblesse. Les galeries y vont donc plus par nécessité que par choix stratégique.

⚖️ Un risque inégal : pour les grandes galeries, un mauvais résultat est absorbable. Pour les petites, cela peut suffire à déséquilibrer la trésorerie, voire compromettre la survie.

💎 La visibilité au prix du capital : succès et reconnaissance aux foires dépendent davantage de la capacité financière à investir que de la qualité artistique ou de l’innovation.

Le résultat ? Un marché où seules les galeries capables de financer des participations répétées survivent, au détriment de la diversité artistique, de l’innovation et des initiatives locales.

💬 Galeristes : subissez-vous la pression des foires ou avez-vous trouvé des alternatives pour exister ?
💬 Professionnels et collectionneurs : comment réinventer un modèle de visibilité qui ne mette pas en danger les petites galeries ?

On en discute en commentaires. 💬

LELOLUCE Officiel  Pascale Defrancq  Maxime Girard  FRANCK ALAGNA  Anna Chrusciany Anna Normand Marc Peltzer  Catherine SENECHAL Nicole AZOULAY  Marine Tassou  HaTiG Tigran AROUTUNIAN Antoine Junior Alves  Abraham Aronovitch  françois poulat Floart AUTELIN jean paul BOYER Jean-Marie Gitard Ronan Martin Sandrine Hirson COSTIANU RODICA  Adélaïde Leferme  Ekaterina Aristova  Marie de Saint Germain Marianne QUINZIN  Romain HURDEQUINT  Catherine Meulemans  Alix Goor Aurel street  Diane Detalle  Lucile JULIEN  Rachida Dati  Magali Valente  Hugues Ghenassia-de Ferran  Caroline Personnat  Comité Professionnel des Galeries d'Art (CPGA) 

📌 Source : Étude Nathalie Moureau , novembre 2025, pour le Comité Professionnel des Galeries d'Art (CPGA) 

#art #galerie #artistes #paradoxe #artmarket"
85,120,4mo,Image,56,36,5,174,https://www.linkedin.com/posts/timoth%C3%A9e-roy-3a5492172_artmarket-economiedelart-artcontemporain-activity-7420073735220551681-4FMs?utm_source=social_share_send&utm_medium=member_desktop_web&rcm=ACoAAB1zxT0BbT_wYsD16ZWWyviKhnV45MAVhAE,"L'art contemporain s'arrête-t-il au périphérique parisien ?

Le constat de l’étude de Nathalie Moureau, en date de novembre 2025, publiée sur le site du CPGA, est sans appel : le marché français de l’art est une bulle ultra-centralisée qui étouffe ses propres talents.

Les chiffres parlent d'eux-mêmes : 
📍 47 % des galeries sont concentrées à Paris. 
💰 1,2 M€ : c'est le chiffre d'affaires moyen d'une galerie parisienne. 
📉 350 000 € : c'est la moyenne en région.

Un rapport de 1 à 4. Pourquoi est-ce un problème majeur pour tout l'écosystème ?

Parce que cette disparité financière engendre trois problèmes critiques identifiés dans le rapport Moureau :

1️⃣ Le plafond de verre de la promotion : En région, la précarité budgétaire empêche les galeries de financer les outils de visibilité essentiels. L'étude montre que les galeries régionales ont un accès bien plus limité aux foires internationales (le ""Graal"" de la visibilité) car le ticket d'entrée représente souvent 20% à 25% de leur CA annuel.

2️⃣ La fuite des talents : Les galeries de province jouent un rôle vital de ""déclic"" et de premier soutien. Mais dès qu'un artiste commence à percer, il est aspiré par les structures parisiennes qui, grâce à leurs moyens supérieurs, peuvent offrir une ""promotion institutionnelle"" et un réseau mondial. L'artiste part, et la galerie locale perd le fruit de son investissement initial.

3️⃣ Le déficit de médiation : Moins de CA signifie moins de personnel et moins de temps pour le digital. Selon Nathalie Moureau, cette fracture est le premier frein à l'émergence. Sans moyens, une galerie ne peut pas ""porter"" la voix de ses artistes au-delà de son territoire.

Le talent n'a pas de code postal, mais aujourd'hui, sa cote semble en avoir un. Pour que le marché survive, nous devons inventer des modèles qui permettent aux galeries régionales de rivaliser en termes de visibilité, sans forcément avoir une adresse dans le Marais.

L'étude de Nathalie Moureau nous appelle à porter un regard nuancé : derrière les chiffres de la capitale, il existe une diversité de terrain qu'il est urgent de soutenir pour éviter un appauvrissement culturel.

🎤 LE DÉBAT EST OUVERT :

Artistes en région : Avez-vous le sentiment que rester hors de Paris est un frein définitif à votre carrière ou une liberté nécessaire ?

Galeristes de province : Quel est votre plus grand défi quotidien pour faire rayonner vos artistes au niveau national face aux géants parisiens ?

LELOLUCE Officiel Pascale Defrancq Maxime Girard FRANCK ALAGNA Anna Chrusciany Anna Normand Marc Peltzer Catherine SENECHAL Nicole AZOULAY Marine Tassou HaTiG Tigran AROUTUNIAN Antoine Junior Alves Abraham Aronovitch françois poulat Floart AUTELIN jean paul BOYER Jean-Marie Gitard Ronan Martin Sandrine Hirson COSTIANU RODICA Adélaïde Leferme Marie de Saint Germain Marianne QUINZIN Romain HURDEQUINT Jean-Marie Gitard Alix Goor
 

#ArtMarket #EconomieDeLart #ArtContemporain"
86,120,4mo,Text only,13,2,0,19,https://www.linkedin.com/posts/timoth%C3%A9e-roy-3a5492172_%C3%A9v%C3%A9nements-inrealart-expositions-et-salons-activity-7426951762449760256-9HyH?utm_source=social_share_send&utm_medium=member_desktop_web&rcm=ACoAAB1zxT0BbT_wYsD16ZWWyviKhnV45MAVhAE,"🚨 Les inscriptions pour notre dispositif à l'occasion d'Art Capital au GrandPalaisRmn du 13 au 15 février s’accélèrent, et je voulais personnellement vous le dire : les places deviennent rares.

Nous avons imaginé cette visite comme un vrai moment de rencontre avec les œuvres et les artistes, pour vivre l’événement de l’intérieur, sur place ou à distance.

Si vous souhaitez en faire partie, c’est le moment de réserver.
👉 https://lnkd.in/eURr_qSy

Maxime Girard Anna Chrusciany Gilles Bruno Adélaïde Leferme Catherine SENECHAL Frédéric Julien JULIEN jean paul BOYER LE PRINCE NADINE Romain SEILLES Julien Collignon Guillaume Helluy Maxime Gaudubois Pierre DEHILLOTTE-DEJEAN Sami Haimiche Nicolas Kaenzig"
87,120,4mo,Image,53,19,2,114,https://www.linkedin.com/posts/timoth%C3%A9e-roy-3a5492172_art-artistes-galerie-activity-7425566744183803904-GfoO?utm_source=social_share_send&utm_medium=member_desktop_web&rcm=ACoAAB1zxT0BbT_wYsD16ZWWyviKhnV45MAVhAE,"L’exclusivité en 2025 : une prison pour l’artiste ? 🚨

On parle souvent de contrats exclusifs entre artistes et galeries comme d’un « gage d’engagement ». Mais derrière cette notion séduisante se cache une réalité moins évidente : 43 % des galeries exigent l’exclusivité sans garantie de vente.

Une étude publiée en novembre 2025 sur le site du Comité Professionnel des Galeries d'Art (CPGA), révèle une tension structurelle dans le marché. 

Pourquoi cette « guerre de l’exclusivité » pose‑t‑elle un problème réel ?

🔒 Perte de liberté de circulation : signer un contrat exclusif limite l’artiste à un seul canal de diffusion, parfois pour une durée trop longue, sans aucune assurance de résultats concrets. 

📉 Pas de garantie de vente : l’exclusivité ne garantit pas que la galerie vendra effectivement les œuvres, l’artiste peut se retrouver bloqué alors que ses œuvres stagnent. 

📆 Obligations contractuelles strictes : dans certains cas, l’exclusivité s’étend à l’exposition ou à la vente en dehors même de contextes commerciaux, avec des sanctions sévères en cas de non‑respect. 

⚖️ Déséquilibre de pouvoir : la galerie détient l’accès au marché, mais l’artiste porte seul le risque,  sans contreparties claires ni engagements de résultat. 

📊 Formalisation encore minoritaire : une part non négligeable de galeries n’a aucun contrat formalisé, rendant les engagements verbaux ou tacites encore plus opaques. 

Le résultat ? Un rapport de force qui peut freiner la carrière d’un artiste plutôt que la soutenir, en limitant sa capacité à multiplier les opportunités surtout en phase émergente ou en période d’inscription sur différents marchés. 

💬 Artistes : avez‑vous vécu l’impact d’une clause d’exclusivité sur votre liberté de développement ?
💬 Professionnels du marché : quelles pratiques selon vous pourraient garantir à la fois visibilité et liberté créative ?

LELOLUCE Officiel  Pascale Defrancq  Maxime Girard  FRANCK ALAGNA  Anna Chrusciany Anna Normand Marc Peltzer  Catherine SENECHAL Nicole AZOULAY  Marine Tassou  HaTiG Tigran AROUTUNIAN Antoine Junior Alves  Abraham Aronovitch  françois poulat Floart AUTELIN jean paul BOYER Jean-Marie Gitard Ronan Martin Sandrine Hirson Rodica Costianu Adélaïde Leferme  Marie de Saint Germain Marianne QUINZIN  Romain HURDEQUINT  Catherine Meulemans  Alix Goor Aurel street  Diane Detalle  Lucile JULIEN  Rachida Dati  Magali Valente  Hugues Ghenassia-de Ferran  Caroline Personnat  Comité Professionnel des Galeries d'Art (CPGA) Van Guillemin Victialy Nguyen 

On en discute en commentaires. 💬

📌 Source : Étude 2025 de Nathalie Moureau sur les relations galeristes/artistes - Comité Professionnel des Galeries d'Art (CPGA)
 
#art #artistes #galerie #contrat #exclusivité #marchéart #market #alainpontecorvo"
88,120,4mo,Text only,9,1,0,12,https://www.linkedin.com/posts/timoth%C3%A9e-roy-3a5492172_le-week-end-dernier-jai-eu-le-plaisir-de-activity-7429242825688473600-Qodn?utm_source=social_share_send&utm_medium=member_desktop_web&rcm=ACoAAB1zxT0BbT_wYsD16ZWWyviKhnV45MAVhAE,"Nous sommes profondément honorés par votre présence lors de cette remise de diplôme, Madame l’Ambassadrice Corina Calugaru. Votre engagement aux côtés des artistes est d’une valeur inestimable. 🙏🧑‍🎨"
89,120,4mo,Image,42,28,3,132,https://www.linkedin.com/posts/timoth%C3%A9e-roy-3a5492172_art-scam-collectionneur-activity-7426131298995417088-1tOG?utm_source=social_share_send&utm_medium=member_desktop_web&rcm=ACoAAB1zxT0BbT_wYsD16ZWWyviKhnV45MAVhAE,"Quand un collectionneur au “projet novateur” disparaît : le récit d’un artiste victime de scam 😱 

Il y a quelques semaines, un artiste m’a raconté une histoire qui commence comme une opportunité rêvée… et qui se transforme en avertissement.

Tout débute par le message d’un collectionneur se présentant comme porteur d’un projet novateur dans le marché de l’art. Discours ambitieux, vision internationale, promesses d’expositions et de visibilité. Il parle de concept, de réseau, de développement rapide. Le ton est professionnel, assuré, inspirant.

Très vite, il dit vouloir frapper fort. Il annonce vouloir acquérir 10 toiles d’un coup pour “lancer la collaboration”. Pour un artiste, c’est énorme. La reconnaissance semble immédiate. Le projet paraît structuré, sérieux, presque trop beau pour être remis en question.

✨ L’artiste se projette déjà dans cette nouvelle dynamique : croissance, visibilité, partenariat durable.
Mais certains détails commencent à grincer.
Le collectionneur parle d’une structure en construction. Pas encore de site web. Présence en ligne quasi inexistante. Peu de traces vérifiables.

💸 Les paiements annoncés prennent du retard. Des preuves de virements sont envoyées, convaincantes en apparence. Le collectionneur insiste pour sécuriser rapidement les œuvres afin d’avancer sur son projet.

⏳ La pression monte subtilement. Il faut aller vite pour ne pas “ralentir le lancement”. Pris entre excitation et confiance, l’artiste expédie les toiles.

Puis… silence.

🕳 Plus de réponses. Les coordonnées ne mènent nulle part. Les preuves de paiement sont fausses. Le fameux projet novateur n’a jamais existé. Les œuvres ont disparu avec lui.

Le choc est double : financier, bien sûr, mais aussi émotionnel. L’artiste ne perd pas seulement des toiles. Il perd une projection, une confiance, un élan.

🧠 La leçon est essentielle : un discours visionnaire et une commande importante ne garantissent pas la légitimité.

Aujourd’hui, cet artiste partage son expérience pour protéger d’autres créateurs :

✔️ Vérifier l’existence réelle d’une structure ou d’un projet
✔️ Ne jamais expédier sans confirmation bancaire effective
✔️ Creuser la présence et les références professionnelles

🎨 Artistes : avez-vous déjà été approchés par des projets trop beaux pour être vrais ?

LELOLUCE Officiel  Pascale Defrancq  Maxime Girard  FRANCK ALAGNA  Anna Chrusciany Anna Normand Marc Peltzer  Catherine SENECHAL Nicole AZOULAY  Marine Tassou  HaTiG Tigran AROUTUNIAN Antoine Junior Alves Abraham Aronovitch  françois poulat Floart AUTELIN jean paul BOYER Jean-Marie Gitard Ronan Martin Sandrine Hirson Rodica Costianu Adélaïde Leferme Marie de Saint Germain Marianne QUINZIN  Romain HURDEQUINT  Catherine Meulemans  Alix Goor Aurel street  Diane Detalle  Lucile JULIEN Van Guillemin Victialy Nguyen 

💬 On en discute en commentaires.

#art #scam #collectionneur #témoignage #artiste"
90,120,4mo,Image,94,37,12,229,https://www.linkedin.com/posts/timoth%C3%A9e-roy-3a5492172_artmarket-economiedelart-galerieart-activity-7422574489055653888-45Qb?utm_source=social_share_send&utm_medium=member_desktop_web&rcm=ACoAAB1zxT0BbT_wYsD16ZWWyviKhnV45MAVhAE,"L’obsolescence programmée des galeries d'art : Pourquoi votre lieu préféré risque de fermer d'ici 2027. 🚨

30% de taux de fermeture tous les deux ans. Ce n'est pas un chiffre en l'air, c'est le résultat d'une enquête de terrain massive qui révèle une réalité que beaucoup préfèrent ignorer.

D’où viennent ces chiffres ? De l'étude qui brise le silence de Nathalie Moureau publiée en novembre 2025.

Le constat est sans appel : 1 galerie sur 3 disparaît.

Pourquoi le modèle ""brûle"" ? Les causes de l'hécatombe :

1️⃣ Le piège des ""frais de visibilité"" : Tenir un lieu physique ne suffit plus. Pour exister, une galerie doit financer des catalogues, des vernissages et surtout des foires internationales. Ces coûts ont explosé (+25 à 30%), asphyxiant les trésoreries les plus fragiles.

2️⃣ La fin du risque ""découverte"" : Exposer un jeune talent est devenu un luxe. Le modèle de la galerie qui ""découvre"" meurt au profit de la galerie qui ""confirme"". Pourquoi ? Parce que le coût de promotion d'un inconnu est désormais supérieur à la marge espérée sur ses ventes.

3️⃣ L'hyper-centralisation : Près de la moitié des galeries sont à Paris. Pour celles en région, la survie est un combat quotidien : moins de passage, moins de collectionneurs et des frais de transport d'œuvres qui pèsent lourd dans la balance.

4️⃣ La dépendance aux Frac et aux institutions : C'est un point critique de l'étude. Beaucoup de galeries sont aujourd'hui sous ""perfusion"" institutionnelle. Sans l'achat d'une œuvre par un Frac (Fonds Régionaux d'Art Contemporain) ou une aide publique, l'équilibre financier s'effondre. Le Frac n'est plus seulement un soutien, c'est devenu un label de survie : sans cette reconnaissance institutionnelle, les collectionneurs privés hésitent à acheter.

5️⃣ L'absence de filet de sécurité : Contrairement aux institutions publiques, les galeries privées (surtout celles non affiliées au CPGA) portent seules le risque financier. Deux mauvaises expositions de suite peuvent suffire à mettre la clé sous la porte.

Ce que nous risquons : Si ce rythme de fermeture continue, nous nous dirigeons vers un marché de l'art standardisé, où seuls les artistes déjà célèbres auront droit de cité. La diversité culturelle de nos villes est directement menacée.

Et vous, avez-vous vu des galeries fermer près de chez vous ? Est-ce une évolution inévitable du marché ou un signal d'alarme qu'on refuse d'entendre ? 

On en débat en commentaires. 💬

LELOLUCE Officiel Pascale Defrancq Maxime Girard FRANCK ALAGNA Anna Chrusciany Anna Normand Marc Peltzer Catherine SENECHAL Nicole AZOULAY Marine Tassou HaTiG Antoine Junior Alves Abraham Aronovitch françois poulat Floart AUTELIN jean paul BOYER Jean-Marie Gitard Ronan Martin Sandrine Hirson COSTIANU RODICA Adélaïde Leferme Ekaterina Aristova Marie de Saint Germain Marianne QUINZIN Romain HURDEQUINT Catherine Meulemans Alix Goor Aurel street Diane Detalle Lucile JULIEN 

#ArtMarket #EconomieDeLart #GalerieArt #Culture #Artension"
91,90,3mo,Image,73,12,8,125,https://www.linkedin.com/posts/timoth%C3%A9e-roy-3a5492172_art-marchaezdelart-galerie-activity-7434140495141998592-3iAc?utm_source=social_share_send&utm_medium=member_desktop_web&rcm=ACoAAB1zxT0BbT_wYsD16ZWWyviKhnV45MAVhAE,"L’artiste est-il devenu la banque centrale du système ? 

Dans beaucoup de cas, l’artiste finance 100% de sa recherche et de sa production.

✔️Atelier
✔️Matériaux
✔️Temps de recherche
✔️Œuvres immobilisées

Tout est avancé avant la moindre vente.

Mais aujourd’hui, ce n’est plus seulement la production.

L’artiste finance aussi :

📲 Les plateformes de visibilité
📰 Les médias spécialisés
📢 Les publications sponsorisées
📝 Les candidatures payantes
🖼 Certaines “opportunités” d’exposition

Et parfois même… les murs.

Certaines galeries, fragilisées économiquement, louent désormais leurs espaces. On ne parle plus d’investissement sur un artiste. On parle de mise à disposition contre paiement.

Le paradoxe devient frontal ⚖️

On parle de “représentation”.
Mais dans les faits, l’artiste :

✔️ Finance la production
✔️ Finance la communication
✔️ Finance parfois l’espace
✔️ Immobilise son capital
✔️ Attend une vente incertaine

Ce que l'on constante dans la majorité des cas, c'est que l’artiste prend le risque initial et souvent celui-ci est structurel.

Autrement dit :
c’est l’artiste qui fait crédit au système. 💳

Et si l’œuvre ne se vend pas ?
-La plateforme a été payée.
-Le média a été payé.
-L’espace a été payé.

L’artiste, lui, absorbe la perte.

LELOLUCE Officiel  Pascale Defrancq  Maxime Girard  FRANCK ALAGNA  Anna Chrusciany Anna Normand Catherine SENECHAL Nicole AZOULAY  Marine Tassou  HaTiG Tigran AROUTUNIAN Antoine Junior Alves Abraham Aronovitch  françois poulat Floart AUTELIN jean paul BOYER Jean-Marie Gitard Ronan Martin Sandrine Hirson Rodica Costianu Adélaïde Leferme Marie de SAINT GERMAIN Marianne QUINZIN  Romain HURDEQUINT  Catherine Meulemans  Alix Goor Diane Detalle Van Guillemin Victialy Nguyen Patricia Allouche 📺 Corinne Both Rodica Costianu Adam Akner Marine Tassou Adélaïde Lucile JULIEN Victor Sasportas Frédéric Julien JULIEN Marian Gonzalez

👉Si la création est la matière première du marché, pourquoi son producteur est-il celui qui porte le plus grand risque financier ?

Artistes on en parle. 💬

#art #marchédelart #galerie #artiste #plateforme #économiecréative"
92,90,3mo,Image,34,4,4,54,https://www.linkedin.com/posts/timoth%C3%A9e-roy-3a5492172_art-culture-salon-activity-7433074960660738048-7tOl?utm_source=social_share_send&utm_medium=member_desktop_web&rcm=ACoAAB1zxT0BbT_wYsD16ZWWyviKhnV45MAVhAE,"Les salons d’art indépendants : au bord du précipice… ou d’un renouveau ?

On les présente comme des espaces de liberté.
Des lieux de découverte.
Des plateformes d’exploration artistique.

Mais sur le terrain, la réalité est beaucoup plus économique.

Au cours de ma carrière, j’ai constaté une chose :
une association ou un salon associatif doit fonctionner, opérationnellement, comme une entreprise.

💰Trésorerie 
🤝Partenariats 
🏷️Sponsors 
🎟️Billetterie 
📦Location de stands 

Le “but non lucratif” n’efface pas la nécessité de générer de l’argent.
Il déplace simplement la finalité.

On remarque que certaines dates enregistrent une fréquentation stable, voire supérieure aux années précédentes. La baisse globale de fréquentation des salons n’impacte pas forcément l’intérêt pour l’art… mais elle ne couvre qu’une partie des frais.

Et avec des subventions pouvant passer de 160 000 € à 40 000 €, la pression économique devient centrale et redéfinit le modèle.

Bruno Madelaine, président d’Art Capital, me le disait clairement dans une interview à paraître : le monde change, et les salons en subissent immédiatement les conséquences.

Le paradoxe est fort :

Ces salons revendiquent leur indépendance et leur authenticité.
Mais leur survie dépend de plus en plus d’une logique entrepreneuriale.

🏷️Plus de stands à vendre 
🤝Plus de partenaires à convaincre 
⚖️Plus de décisions guidées par la viabilité économique 

Alors la vraie question n’est peut-être plus idéologique.
Elle est stratégique.

👉 Un salon associatif peut-il rester un lieu de découverte s’il refuse d’assumer pleinement une logique d’entreprise ?
👉 Ou, à l’inverse, en adoptant trop les codes du marché, risque-t-il de devenir ce qu’il voulait éviter : une machine à cash pour survivre ?

S’adapter ne veut pas dire renoncer.
Mais ne pas s’adapter peut condamner.

LELOLUCE Officiel  Pascale Defrancq  Maxime Girard  FRANCK ALAGNA  Anna Chrusciany Anna Normand Catherine SENECHAL Nicole AZOULAY  Marine Tassou  HaTiG Tigran AROUTUNIAN Antoine Junior Alves Abraham Aronovitch  françois poulat Floart AUTELIN jean paul BOYER Jean-Marie Gitard Ronan Martin Sandrine Hirson Rodica Costianu Adélaïde Leferme  Marie de SAINT GERMAIN Marianne QUINZIN  Romain HURDEQUINT  Catherine Meulemans  Alix Goor Diane Detalle Van Guillemin Victialy Nguyen Patricia Allouche 📺 Corinne Both Rodica Costianu Adam Akner Marine Tassou Adélaïde Lucile JULIEN Victor Sasportas Frédéric Julien JULIEN Marian Gonzalez

On en parle.

#art #culture #salon #association #marchédelart #innovation"
93,90,3mo,Image,34,4,4,54,https://www.linkedin.com/posts/timoth%C3%A9e-roy-3a5492172_jeuconcours-jeu-artistecontemporain-activity-7432427110943588352-JdL2?utm_source=social_share_send&utm_medium=member_desktop_web&rcm=ACoAAB1zxT0BbT_wYsD16ZWWyviKhnV45MAVhAE,"On a rendu l’art compliqué.

Élitiste. Impressionnant. Intimidant. 

Je ne crois pas à ça. 

L’art doit être accessible à tout le monde. 
Pas demain. Pas “quand on aura le budget”. 
Maintenant. 

Nos artistes ont à cœur de vous faire entrer dans leur univers. 
Pas comme spectateur lointain. 
Comme invité. 

Mr. Hope est l’exemple parfait.
Son travail parle simplement. Il touche sans bruit. 
Et aujourd’hui, il fait un geste fort : offrir une œuvre originale gratuitement (d'une valeur 100 €). 

Parce que parfois, l’aventure commence par un petit geste. 
Une pièce chez vous. 
Un détail qui change l’énergie d’une pièce. 

Si vous avez envie d’ouvrir cette porte : https://lnkd.in/eza9e3eS 

🗓️ Tirage au sort le 8 mars 2026. 

L’art n’est pas un luxe. 
C’est une expérience à vivre.

LELOLUCE Officiel  Pascale Defrancq  Maxime Girard  FRANCK ALAGNA  Anna Chrusciany Anna Normand Catherine SENECHAL Nicole AZOULAY  Marine Tassou  HaTiG Tigran AROUTUNIAN Antoine Junior Alves Abraham Aronovitch  françois poulat Floart AUTELIN jean paul BOYER Jean-Marie Gitard Ronan Martin Sandrine Hirson Rodica Costianu Adélaïde Leferme  Ekaterina Aristova  Marie de SAINT GERMAIN Marianne QUINZIN  Romain HURDEQUINT  Catherine Meulemans  Alix Goor Diane Detalle Van Guillemin Victialy Nguyen Patricia Allouche 📺 Corinne Both Corina Frédéric Julien JULIEN Rodica Costianu Adam Akner Marine Tassou Adélaïde Lucile JULIEN

#jeuconcours #jeu #artistecontemporain #popart #culture"
94,90,3mo,Image,54,8,4,86,https://www.linkedin.com/posts/timoth%C3%A9e-roy-3a5492172_r%C3%A9capart-capital2026-quelle-aventure-activity-7430228165576499200-bQUi?utm_source=social_share_send&utm_medium=member_desktop_web&rcm=ACoAAB1zxT0BbT_wYsD16ZWWyviKhnV45MAVhAE,"✨ Récap Art Capital 2026 ✨

Quelle aventure incroyable à Art Capital au GrandPalaisRmn !

Des rencontres lumineuses, des échanges inspirants, des artistes passionnés, des regards croisés, des instants suspendus…
Cette édition restera gravée dans les mémoires !

👏 Bravo à nos artistes pour leur talent, leur audace et leur générosité :
Adélaïde Leferme, jean paul BOYER, Catherine SENECHAL Dominique Fonteneau, Stefan Beiu & Nadine Le Prince.

👏 Bravo à notre équipe : Anna Chrusciany, Maxime Girard, Gilles Bruno, Alexandre Masson Nino Lamoureux Catherine Meulemans sans qui rien de tout cela ne serait possible

🌟 Des rencontres exceptionnelles

Cette édition a été marquée par des moments rares et précieux.
Un immense plaisir d’avoir croisé Jean-François Larrieu président de la fondation Taylor et fondateur d'Art Capital, Bruno Madelaine président d'Art Capital, Jacques Daloze président du salon des artistes indépendants, Patricia Allouche 📺 fondatrice de MediaVoice, Jacky Geffroy président de NJ DEVELOPMENTS, Quentin Delisle directeur chez Webedia, Marwan G Idris du groupe Adonis, Nicolas Kaenzig… et tant d’autres personnalités inspirantes du monde de l’art et de la culture.

Une joie particulière de partager des instants privilégiés avec Anny Duperey, toujours aussi lumineuse et bienveillante.

Un grand bonheur également de collaborer aux côtés de Corinne Both, Marian Gonzalez & Frédéric Julien JULIEN.

La présence de Son Excellence l’Ambassadrice de Moldavie en France, Corina Calugaru , ainsi que de Madame la Maire du 8ᵉ arrondissement de Paris, Jeanne d'Hauteserre, a magnifié ces moments de dialogue et de rayonnement culturel.

🙏 Un immense merci

Merci aux bénévoles qui rendent cet événement possible, aux équipes formidables des quatre Salons :
• Le salon des artistes Français
• Le Salon Comparaisons
• Le Salon Dessin & Peinture à l’Eau
• Le Salon des Indépendants

Merci également aux services de sécurité pour leur présence attentive tout au long de l’événement.

Ces rencontres donnent tout son sens à Art Capital : créer du lien, ouvrir des perspectives et faire vibrer la création contemporaine.

Merci aux artistes, aux organisateurs, aux visiteurs, aux collectionneurs, aux partenaires…
Merci à toutes celles et ceux qui font battre le cœur d’Art Capital.

Vivement la suite ✨🎨"
95,90,3mo,Image,29,3,1,40,https://www.linkedin.com/posts/timoth%C3%A9e-roy-3a5492172_art-artiste-archives-activity-7435652505088299009-8jgo?utm_source=social_share_send&utm_medium=member_desktop_web&rcm=ACoAAB1zxT0BbT_wYsD16ZWWyviKhnV45MAVhAE,"Parler de son héritage artistique de son vivant est un sujet sensible.
Presque tabou pour certains.

Et pourtant, c’est un sujet primordial.

Parce que la postérité d’un artiste ne se construit pas au moment de sa mort.
Elle se prépare bien avant.

On passe des années à produire, chercher, expérimenter.
Mais beaucoup moins à organiser la trace de ce travail.

Le constat est simple : sans documentation, une œuvre devient difficile à faire vivre dans le temps.

Inventaires.
Photographies d’œuvres.
Certificats.
Archives d’expositions.

Sans cela :

– les œuvres deviennent difficiles à authentifier
– les ayants droit se retrouvent perdus
– les galeries hésitent à travailler sur un fonds
– les historiens de l’art manquent de matière

Et parfois, une partie entière d’une carrière disparaît.

Le paradoxe est là.

On pense souvent que la postérité dépend uniquement de la qualité de l’œuvre.
Mais elle dépend aussi de la manière dont elle est documentée.

Préparer son estate, ce n’est pas penser à la mort.
C’est organiser la continuité de son œuvre et laisser une trace concrète, structurée et transmissible de son travail.

Artistes 🧑‍🎨 :
Documentez-vous réellement votre travail de manière structurée aujourd’hui ? 💬

Avez-vous déjà réfléchi à ce que deviendront vos œuvres, vos archives et votre travail dans 20 ou 30 ans ? 💬

LELOLUCE Officiel  Pascale Defrancq  Maxime Girard  FRANCK ALAGNA Anna Chrusciany Anna Normand Catherine SENECHAL Nicole AZOULAY  Marine Tassou  HaTiG Tigran AROUTUNIAN Antoine Junior Alves Abraham Aronovitch françois poulat Floart AUTELIN jean paul BOYER Jean-Marie Gitard Ronan Martin Sandrine Hirson Rodica Costianu Adélaïde Leferme Marie de SAINT GERMAIN Marianne QUINZIN  Romain HURDEQUINT  Catherine Meulemans  Alix Goor Diane Detalle Van Guillemin Victialy Nguyen Patricia Allouche 📺 Corinne Both Rodica Costianu Adam Akner Marine Tassou Adélaïde Lucile JULIEN Victor Sasportas Frédéric Julien JULIEN Marian Gonzalez

On en parle.

#art #artiste #archives #estate #marchédelart #héritage"
96,90,3mo,Text only,24,2,3,36,https://www.linkedin.com/posts/timoth%C3%A9e-roy-3a5492172_lesmetiersdelacreation-artfrancais-television-activity-7436698286478036992-GzPq?utm_source=social_share_send&utm_medium=member_desktop_web&rcm=ACoAAB1zxT0BbT_wYsD16ZWWyviKhnV45MAVhAE,"Parfois, les plus beaux partenariats tiennent simplement à une rencontre et à des mains tendues.

C’est exactement l’histoire de notre collaboration avec « Les Métiers de la Création » 📺

Nous avons aujourd’hui le plaisir de nous associer à cette émission exceptionnelle, portée par Florence Duprat et imaginée par Patricia Allouche (MEDIAVOICE CONSULTING), qui met en lumière celles et ceux qui font vivre la création au quotidien.

Peintres, sculpteurs, designers, artisans… une formidable opportunité de donner de la visibilité aux artistes et aux professionnels du secteur.

Fier, avec InRealArt, de participer à cette aventure qui rapproche encore un peu plus l’atelier, les artistes et le grand public.

👉 Article complet :
https://lnkd.in/epXcXMpc

Merci Patricia Allouche Florence Duprat  MEDIAVOICE CONSULTING MCE TV  Demain TV pour votre confiance 🙏

#LesMetiersDeLaCreation #Art #Creation #Artistes #Television"
97,90,3mo,Text only,3,0,1,5,https://www.linkedin.com/posts/timoth%C3%A9e-roy-3a5492172_au-del%C3%A0-des-oeuvres-dalain-pontecorvo-in-activity-7436389288948178944-HYZx?utm_source=social_share_send&utm_medium=member_desktop_web&rcm=ACoAAB1zxT0BbT_wYsD16ZWWyviKhnV45MAVhAE,"☕️ Un café et une légende pour votre dimanche ?

Si vous cherchez une vidéo inspirante pour finir la semaine, ne passez pas à côté du parcours d'Alain Pontecorvo.

Avant de devenir le grand maître contemporain que l'on connaît aujourd'hui, Alain a été l'un des plus grands Directeurs Artistiques français, bras droit historique de Jacques Séguéla.

De la publicité de légende à l'Histoire de l'Art, son itinéraire est une leçon d'exigence et de passion.

Une immersion rare dans son atelier, produite par Marian Gonzalez alias Marian Online & InRealArt, disponible maintenant sur YouTube.

👉 Le lien est ici : https://lnkd.in/eB-PEpQi

Bonne découverte et bon dimanche !"
98,90,3mo,Image,153,98,9,465,https://www.linkedin.com/posts/timoth%C3%A9e-roy-3a5492172_art-marchaezdelart-galerie-activity-7431612157110149120-eo3Z?utm_source=social_share_send&utm_medium=member_desktop_web&rcm=ACoAAB1zxT0BbT_wYsD16ZWWyviKhnV45MAVhAE,"Le business des morts (Estates).

Jusqu’à 50% du chiffre d’affaires de certaines grandes galeries internationales provient d’artistes décédés.

C’est un chiffre qui dérange.
Parce qu’il révèle un paradoxe.

Le marché de l’art parle sans cesse de découverte, d’émergence, de création vivante.
Mais son équilibre économique repose en grande partie… sur des artistes qui ne produisent plus.

Pourquoi ?

Parce que le risque n’est pas le même.

Un artiste vivant, c’est une trajectoire en construction.
Donc :
– une cote encore fragile
– une production imprévisible
– des séries qui peuvent dérouter le marché
– des œuvres invendues immobilisées
– des remises à négocier
– des délais de paiement
– des années d’investissement avant reconnaissance institutionnelle

Et surtout : une relation humaine mouvante.

Un artiste peut changer de galerie.
Changer de stratégie.
Changer de positionnement.
Ou vendre en direct (le fameux by-pass), après que la galerie a investi en visibilité, en réseau, en crédibilité.

Le risque n’est pas théorique.
Il est structurel.

À l’inverse, un artiste décédé :
✔️ Ne produit plus → l’offre est finie
✔️ Ne change plus de cap
✔️ Ne part pas chez un concurrent
✔️ Ne vend pas en direct
✔️ Dispose souvent d’un historique de prix stabilisé

La rareté est claire.
La trajectoire est lisible.
La gestion est plus prévisible.

Dans un contexte où :
📊 Les coûts fixes des galeries augmentent
📉 Le marché est de plus en plus concentré
⏳ Les cycles de vente s’allongent

Sécuriser une partie du chiffre d’affaires avec des estates devient une stratégie rationnelle.

Et voilà le paradoxe :

Le marché a besoin d’artistes vivants pour exister.
Mais économiquement, ils sont plus risqués que les artistes morts.

Ce n’est pas une question morale.
C’est une question de structure.

💬 À force de sécuriser le risque avec des estates, ne fragilise-t-on pas justement l’émergence que l’on dit vouloir défendre ?

Artistes, galeristes, collectionneurs : je suis curieux de vos retours.

LELOLUCE Officiel  Pascale Defrancq  Maxime Girard  FRANCK ALAGNA  Anna Chrusciany Anna Normand Catherine SENECHAL Nicole AZOULAY  Marine Tassou  HaTiG Tigran AROUTUNIAN Antoine Junior Alves Abraham Aronovitch  françois poulat Floart AUTELIN jean paul BOYER Jean-Marie Gitard Ronan Martin Sandrine Hirson Rodica Costianu Marie de SAINT GERMAIN Marianne QUINZIN  Romain HURDEQUINT  Catherine Meulemans  Alix Goor Diane Detalle Van Guillemin Victialy Nguyen Patricia Allouche 📺 Corinne Both Corina Calugaru Rodica Costianu Adam Akner Marine Tassou Adélaïde Lucile JULIEN

On en discute.

📌 Source : Étude 2025 de Nathalie Moureau sur les relations galeristes/artistes - Comité Professionnel des Galeries d'Art (CPGA)

#art #marchédelart #galerie #estates #économieculturelle #artiste"
99,90,3mo,Image,60,12,3,102,https://www.linkedin.com/posts/timoth%C3%A9e-roy-3a5492172_artmarket-economiedelart-luxurymarket-activity-7439583247367528448-KlFw?utm_source=social_share_send&utm_medium=member_desktop_web&rcm=ACoAAB1zxT0BbT_wYsD16ZWWyviKhnV45MAVhAE,"Le marché de l’art a atteint près de 59,6  milliards de dollars.

Mais pas pour les artistes ! 

En 2025, les ventes d’œuvres à +10M$ ont continué de croître.
Les grandes maisons et les artistes “blue-chip” captent l’essentiel de la valeur.

Pendant ce temps :
Les galeries intermédiaires stagnent.
Les jeunes artistes vendent moins.
Et beaucoup peinent simplement à vivre de leur travail.

Selon le Art Basel & UBS Art Market Report 2026 :
→ Le haut de gamme tire toute la croissance
→ Le nombre total de transactions diminue
→ Et la pression augmente sur les artistes émergents

👉 Traduction : plus d’argent dans le marché…mais de moins en moins réparti.

Pour beaucoup d’artistes, ça donne quoi concrètement ?
Plus de concurrence.
Plus de dépendance aux galeries et aux réseaux.
Plus de contenu à produire pour exister.

Mais pas forcément plus de revenus.

Créer devient un équilibre fragile :
Entre expression personnelle…et adaptation à ce que le marché attend.

Entre vision artistique…et nécessité de vendre pour continuer.

On ne parle plus seulement d’un marché de l’art.

On parle d’un système de sélection.

Où une minorité capte l’attention, les prix, et la croissance. Et où la majorité tente de rester visible.

Artistes : vous êtes dans quelle phase aujourd’hui ?
1️⃣ Créer librement
2️⃣ S’adapter pour vendre
3️⃣ Essayer de survivre

LELOLUCE Officiel  Pascale Defrancq  Maxime Girard  FRANCK ALAGNA  Anna Chrusciany Anna Normand Catherine SENECHAL Nicole AZOULAY  Marine Tassou  HaTiG Tigran AROUTUNIAN Antoine Junior Alves Abraham Aronovitch  françois poulat Floart AUTELIN jean paul BOYER Jean-Marie Gitard Ronan Martin Sandrine Hirson Rodica Costianu Adélaïde Leferme  Marie de SAINT GERMAIN Marianne QUINZIN  Romain HURDEQUINT  Catherine Meulemans  Alix Goor Diane Detalle Van Guillemin Victialy Nguyen Corinne Both Rodica Costianu Adam Akner Marine Tassou Adélaïde Lucile JULIEN Victor Sasportas Frédéric Julien JULIEN Marian Gonzalez

🎙️ On en parle

Lien vers le rapport : https://lnkd.in/eizgUyAs

#ArtMarket #EconomieDeLArt #LuxuryMarket #ArtBusiness
#CreativeEconomy #artiste #artbasel2026 #artistecontemporain"
100,60,2mo,Image,20,1,3,29,https://www.linkedin.com/posts/timoth%C3%A9e-roy-3a5492172_biennaleversaillaise-artcontemporain-versailles-activity-7445719108555284480-1FpL?utm_source=social_share_send&utm_medium=member_desktop_web&rcm=ACoAAB1zxT0BbT_wYsD16ZWWyviKhnV45MAVhAE,"🎨 Dernière ligne droite pour La Biennale Versaillaise

Plus que quelques jours pour découvrir cette 7ème édition de La Biennale Versaillaise d’art contemporain.

Je vous invite à venir rencontrer les artistes et à vivre ces derniers moments d’exposition au cœur de la Ville de Versailles. Une occasion unique d’échanger, de découvrir et de s’inspirer.

📍 Carré à la Farine – Versailles
🗓️ Jusqu’au dimanche 5 avril
🕚 11h – 18h

Je tiens à remercier chaleureusement Monsieur le Maire de la Ville de Versailles, François de Mazières, ainsi que son adjointe à la culture, Emmanuelle de Crépy, pour leur soutien précieux et leur engagement constant en faveur de la création contemporaine à Versailles.

Au plaisir de vous y croiser pour cette dernière ligne droite.

👉 Retrouvez toutes nos interviews exclusives et l’ensemble des artistes ici : https://lnkd.in/eAgWTcWD

Notre équipe vous présente les invités d’honneur et nos artistes présents sur place : https://lnkd.in/en-yhiq9

📸 Sur cette photo : Anny Duperey · Frédéric Julien JULIEN · Marian Gonzalez

 #BiennaleVersaillaise #ArtContemporain #Versailles #Exposition #Art"
101,60,2mo,Image,55,21,4,126,https://www.linkedin.com/posts/timoth%C3%A9e-roy-3a5492172_artistes-artcontemporain-artvisuel-activity-7447169074586980352-9iht?utm_source=social_share_send&utm_medium=member_desktop_web&rcm=ACoAAB1zxT0BbT_wYsD16ZWWyviKhnV45MAVhAE,"Le monde de l’art parle de liberté.

Mais en réalité… c’est une guerre d’ego.

“C’est qui lui ?”  
“Pour qui il se prend ?”  

Ces phrases, je ne les ai pas lues quelque part.  
Je les ai entendues.

Entre artistes.  
Entre galeristes.  
Entre acteurs censés défendre la création.  

Dès que quelqu’un émerge…  
Le soutien devient silence.  
Le silence devient critique.  
Et la critique devient attaque.  

Je l’ai constaté empiriquement.  
Et je l’ai aussi vécu directement.  

Remarques déguisées.  
Jugements sur la légitimité.  
Tentatives de mise à l’écart.  

Pas à cause du travail.  
Mais à cause de la place que ça prend.  

👉 Traduction : dans ce milieu, réussir dérange plus qu’il n’inspire.  

On parle souvent du marché, des prix, des ventes.  

Mais beaucoup moins de ce qui se joue en coulisses :  

Une compétition permanente.  
Des comparaisons constantes.  
Et des egos qui s’entrechoquent.  

Résultat ?

Certains ralentissent.  
D’autres se censurent.  
Et beaucoup doutent plus qu’ils ne devraient.  

Créer ne suffit pas.  

Il faut aussi encaisser.  
Tenir.  
Continuer malgré le bruit.  

Artistes :

Est-ce que vous avez déjà ressenti cette guerre d’ego ?  
Comment vous y faites face ?

LELOLUCE Officiel  Pascale Defrancq  Maxime Girard  FRANCK ALAGNA Anna Normand Catherine SENECHAL  Nicole AZOULAY Marine Tassou HaTiG Tigran AROUTUNIAN  Antoine Junior Alves  Abraham Aronovitch françois poulat  Floart AUTELIN  jean paul BOYER  Jean-Marie Gitard Ronan Martin Sandrine Hirson Rodica Costianu Adélaïde Leferme Marie de SAINT GERMAIN  Marianne QUINZIN  Romain HURDEQUINT  Catherine Meulemans  Alix Goor  Diane Detalle Van Guillemin  Adam Akner  Lucile JULIEN Victor Sasportas  Frédéric Julien JULIEN  

On en parle 💬

#Artistes #ArtContemporain #ArtVisuel"
102,60,2mo,Image,44,3,5,63,https://www.linkedin.com/posts/timoth%C3%A9e-roy-3a5492172_exposition-biennale-vernissage-activity-7445022438599319552-OVfN?utm_source=social_share_send&utm_medium=member_desktop_web&rcm=ACoAAB1zxT0BbT_wYsD16ZWWyviKhnV45MAVhAE,"🎨 Ce soir, l’art prend vie à Versailles.

C’est avec enthousiasme que nous vous invitons à découvrir la 7ème édition de la Biennale Versaillaise d’art contemporain, pensée comme un espace de rencontre entre artistes, œuvres et publics, au cœur de Versailles.

Rejoignez-nous ce 1er avril de 17h à 19h pour le vernissage et laissez-vous porter par des univers artistiques singuliers.

📍 Carré à la Farine – Versailles
🗓️ Du 1er au 5 avril 2026
🕚 11h – 18h

Plusieurs de nos artistes seront présents :
Lucia Mamos-Moreaux · Frédéric Julien JULIEN · Anny Duperey

🤝 Notre équipe sera ravie de vous accueillir sur place : Anna Chrusciany · Marian Gonzalez · et moi-même

👉 Accédez au dossier de presse et rejoignez la newsletter dès maintenant (interviews exclusives, liste complète des artistes & catalogue) : https://lnkd.in/eAgWTcWD

Au plaisir de vous y retrouver.

#Exposition #Biennale #Vernissage #Artcontemporain #Artistesfrançais"
103,60,2mo,Image,36,7,1,59,https://www.linkedin.com/posts/timoth%C3%A9e-roy-3a5492172_3000-pour-un-article-de-blog-sur-un-m%C3%A9dia-activity-7441049428683059200-KtsZ?utm_source=social_share_send&utm_medium=member_desktop_web&rcm=ACoAAB1zxT0BbT_wYsD16ZWWyviKhnV45MAVhAE,"💥 3000€ pour un article de blog sur un média spécialisé artistique.
2000€ pour une marketplace.
Et après on s’étonne que les artistes galèrent à exister ?

La réalité est brutale : aujourd’hui, la visibilité se paye. Cher.
Et trop souvent, ce sont les artistes qui encaissent la pression… sans garantie de retour.

Mais certains acteurs font enfin ce qu’il faut.
C’est là que les métiers de la création prennent tout leur sens : accompagner, structurer, défendre.

Dans mon rôle d’agent, j’ai eu l’opportunité d’accompagner un talent détonnant pour sa première émission télévisée : Victialy Nguyen, artiste peintre & illustratrice 

Notre objectif ?
Ne plus subir. Construire.

Associer nos artistes à un média d’avenir abordable était une évidence.
Mais surtout, trouver un format aligné avec notre ADN : authentique, impactant, utile.

Cette émission, c’est exactement ça.
Un vrai espace de visibilité. Un outil d’archives. Un levier concret.

👉 Artistes : avez-vous déjà testé les médias télévisés ?
Avez-vous réellement tiré une plus-value de ces expériences ?
Le format proposé était-il en corrélation avec votre positionnement ?

Vos retours m’intéressent 👀

LELOLUCE Officiel  Pascale Defrancq   Maxime Girard  FRANCK ALAGNA  Anna Normand Catherine SENECHAL Nicole AZOULAY  Marine Tassou  HaTiG Tigran AROUTUNIAN  Antoine Junior Alves  Abraham Aronovitch françois poulat  Floart AUTELIN  jean paul BOYER Jean-Marie Gitard Ronan Martin Sandrine Hirson  Rodica Costianu  Adélaïde Leferme Marie de SAINT GERMAIN  Marianne QUINZIN Romain HURDEQUINT Catherine Meulemans Alix Goor Diane Detalle Van Guillemin Corinne Both  Adam Akner Marine Tassou  Adélaïde Leferme  Lucile JULIEN  Victor Sasportas  Frédéric Julien JULIEN   

🎥 Lien vers la première émission : https://lnkd.in/euARhHDQ

🌐 Lien vers le site de l’émission : https://lnkd.in/ejqEyyfg

📅 Prochaine émission en collaboration avec InRealArt prévue mi-avril. À retrouver sur YouTube, MCE TV & Demain TV  

Merci à toute l’équipe de l’émission pour sa confiance Florence Duprat Patricia Allouche"
104,60,2mo,Long-form text,11,0,2,15,https://www.linkedin.com/posts/timoth%C3%A9e-roy-3a5492172_les-m%C3%A9tiers-de-la-cr%C3%A9ation-artialy-activity-7450884437371904000-NDTR?utm_source=social_share_send&utm_medium=member_desktop_web&rcm=ACoAAB1zxT0BbT_wYsD16ZWWyviKhnV45MAVhAE,"Ce qui me tient le plus à cœur dans notre travail ne se résume pas à produire, diffuser des contenus ou organiser des expositions.

Aujourd’hui, beaucoup parlent de visibilité. Très peu parlent de construction.

Accompagner un artiste, ce n’est pas simplement le montrer. C’est comprendre sa trajectoire, structurer son développement et surtout inscrire son travail dans le temps.

Et c’est précisément là que se joue la différence.

Je suis convaincu d’une chose, le rôle que nous avons est aussi un rôle d’archivage.

Dans les industries culturelles, tout est devenu rapide, immédiat, consommé puis oublié. Sans stratégie de collecte et de documentation dès le départ, une grande partie des contenus et des traces disparaît avec le temps.

Documenter dès le début n’est donc pas une option, c’est une responsabilité.

Les archives ne sont pas seulement des souvenirs. Elles sont ce qui permet de contextualiser une œuvre, de comprendre une démarche et de construire une légitimité dans la durée.

Documenter les débuts, capter les moments charnières, garder une trace des intentions.

C’est ce travail invisible qui transforme une apparition en parcours, et un contenu en trajectoire artistique.

Sans cela, tout devient instantané, consommable, oubliable.
Avec cela, on construit quelque chose qui peut durer.

Avec Victialy Nguyen - Artialy , notre plus jeune artiste, c’est cette exigence que nous appliquons.

Son passage dans Les Métiers de la Création n’est pas une opération de visibilité de plus. C’est une étape structurante, un regard posé à un moment précis de son évolution.

Merci à Florence Duprat, Patricia Allouche productrice et présidente de MEDIAVOICE CONSULTING, JOBTALKTV notre partenaire pour la qualité de ce travail et à Demain TV pour lui donner un espace de diffusion.

Si vous vous intéressez réellement à la manière dont on construit un artiste aujourd’hui, ce documentaire est un bon point de départ.

Notre article de blog dédié à l'émission est dès a présent disponible ici 
👉https://lnkd.in/e-dwCG5q 

Vidéo Youtube 👉 https://lnkd.in/eEuCZjPw 

#art #culture #patrimoine"
105,60,2mo,Image,58,27,1,141,https://www.linkedin.com/posts/timoth%C3%A9e-roy-3a5492172_et-si-le-march%C3%A9-de-lart-ne-choisissait-activity-7449370799741898752-l-D6?utm_source=social_share_send&utm_medium=member_desktop_web&rcm=ACoAAB1zxT0BbT_wYsD16ZWWyviKhnV45MAVhAE,"Et si le marché de l’art ne “choisissait” pas vraiment les artistes… mais prolongeait surtout ceux qui ont déjà réussi à s’y inscrire ?

L’étude de Paris Gallery Map 2026 menée par Louise Thurin et César Lévy met des chiffres sur une intuition largement partagée : le marché fonctionne moins comme un système de sélection instantanée que comme un processus de filtrage dans le temps.

Autrement dit, ce n’est pas seulement une question de talent ou de goût, mais de trajectoire, de timing et d’intégration progressive dans des réseaux déjà établis.

Un·e artiste ne “rentre” pas directement dans le haut du marché. Il ou elle traverse plusieurs étapes : formation, scène émergente, premières galeries, consolidation du réseau, puis accès aux galeries installées et reconnaissance institutionnelle. À chaque étape, des sorties silencieuses se produisent.

Le facteur décisif, c’est alors le temps d’accumulation. 61,1 % des galeries analysées ont plus de 20 ans. Ce sont elles qui concentrent visibilité, capital symbolique et relations durables avec les artistes.

Les autres chiffres de l’étude vont dans le même sens : 85,9 % d’artistes né·e·s en Europe ou en Amérique du Nord, 34,8 % de femmes, 15,3 % de moins de 40 ans

Ces données ne décrivent pas simplement un manque de diversité. Elles dessinent un entonnoir : un système où la visibilité se construit progressivement, et où chaque étape renforce la suivante.

Dans ce modèle, la visibilité attire la visibilité, la reconnaissance institutionnelle renforce la valeur de marché, et l’ancienneté stabilise les positions.

Les trajectoires déjà engagées deviennent structurellement plus probables que celles qui restent en périphérie.

Conclusion : Le marché de l’art ne se contente pas de révéler des artistes. Il tend surtout à amplifier ceux qui ont réussi à s’inscrire dans son temps long.

LELOLUCE Officiel  Pascale Defrancq  Maxime Girard  FRANCK ALAGNA Anna Normand Catherine SENECHAL  Nicole AZOULAY Marine Tassou HaTiG Tigran AROUTUNIAN  Antoine Junior Alves  Abraham Aronovitch françois poulat  Floart AUTELIN  jean paul BOYER  Jean-Marie Gitard Ronan Martin Sandrine Hirson Rodica Costianu Adélaïde Leferme Marie de SAINT GERMAIN  Marianne QUINZIN  Romain HURDEQUINT  Catherine Meulemans  Alix Goor  Diane Detalle Van Guillemin  Adam Akner  Lucile JULIEN   Victor Sasportas  Frédéric Julien JULIEN  

Et vous, comment interprétez-vous ces dynamiques ?  Vos avis m’intéressent.

📄 Source : Paris Gallery Map 2026, étude menée par Louise Thurin et César Lévy (108 galeries parisiennes analysées, février–mars 2026)
https://lnkd.in/eugVzQxb"
106,60,2mo,Image,62,19,1,121,https://www.linkedin.com/posts/timoth%C3%A9e-roy-3a5492172_art-galerie-artiste-activity-7450070216245395456-_AAJ?utm_source=social_share_send&utm_medium=member_desktop_web&rcm=ACoAAB1zxT0BbT_wYsD16ZWWyviKhnV45MAVhAE,"Le vrai problème des galeries n’est pas le marché. 
C’est l’isolement.

Et ce sont les artistes qui en paient le prix.

25% des galeries ne participent à aucune action collaborative ou de médiation.

Un chiffre discret. 
Mais structurant.

Parce qu’il révèle une contradiction.

Le marché de l’art parle de scène, de réseau, de circulation. Mais dans les faits, une partie des galeries fonctionne encore… en circuit fermé.

Pourquoi ?

Parce que collaborer, c’est partager.

Donc :
– partager ses artistes
– partager ses collectionneurs
– partager sa visibilité
– partager son influence

Dans un secteur fragile, où chaque ressource est critique, l’isolement devient une stratégie.

Mais ses conséquences dépassent les galeries.

Elles touchent directement les artistes.

Un artiste représenté par une galerie isolée, c’est souvent :
– moins d’expositions hors les murs
– moins de circulation internationale
– moins de rencontres avec d’autres collectionneurs
– moins d’opportunités institutionnelles
– une visibilité plus lente à construire

Et surtout : une dépendance plus forte à une seule structure.

Car sans collaboration : 
pas de co-représentation
pas de projets croisés
pas d’effet réseau

La carrière devient plus linéaire.
Plus fragile.
Plus lente.

À l’inverse, les galeries qui collaborent permettent :
– d’élargir les marchés
– de multiplier les contextes d’exposition
– de renforcer la légitimité des artistes
– d’accélérer les trajectoires

Ce n’est pas qu’une question de stratégie commerciale.

C’est une question d’écosystème.

Car pendant ce temps :
📉 Le marché se complexifie
📊 Les coûts augmentent
🌍 La compétition s’internationalise

Et les artistes ont besoin de plus de relais, pas moins.

Et voilà le paradoxe :
Les galeries cherchent à sécuriser leur modèle en s’isolant. 
Mais ce faisant, elles peuvent limiter le développement des artistes qu’elles défendent.

Ce n’est pas un problème d’intention.
C’est un effet de structure.

💬 Une galerie peut-elle encore construire une carrière forte sans jouer collectif ?

LELOLUCE Officiel  Pascale Defrancq  Maxime Girard  FRANCK ALAGNA Anna Normand Catherine SENECHAL  Nicole AZOULAY Marine Tassou HaTiG Tigran AROUTUNIAN  Antoine Junior Alves  Abraham Aronovitch françois poulat  Floart AUTELIN  jean paul BOYER  Jean-Marie Gitard Ronan Martin Sandrine Hirson Rodica Costianu Adélaïde Leferme Marie de SAINT GERMAIN  Marianne QUINZIN  Romain HURDEQUINT  Catherine Meulemans  Alix Goor  Diane Detalle Van Guillemin  Adam Akner  Lucile JULIEN   Victor Sasportas  Frédéric Julien JULIEN  

Artistes, galeristes, collectionneurs : curieux de vos retours.

📌 Sources :
– https://lnkd.in/ejgZdPFE
– https://lnkd.in/enjVmTbF

#art #galerie #artiste"
107,30,1mo,Image,74,16,6,134,https://www.linkedin.com/posts/timoth%C3%A9e-roy-3a5492172_3-650-jours-cest-le-temps-de-travail-invisible-activity-7460955476470599680-tIa0?utm_source=social_share_send&utm_medium=member_desktop_web&rcm=ACoAAB1zxT0BbT_wYsD16ZWWyviKhnV45MAVhAE,"3 650 JOURS.
C’est le temps de travail invisible derrière une œuvre qui se vend parfois en quelques minutes.

Lorsqu'on achète une pièce d’art, on croit souvent payer pour de la toile, des pigments ou du temps passé physiquement à l'atelier. C’est une erreur de perspective commune qui occulte la réalité du terrain.

En réalité, vous financez une décennie d'exploration silencieuse :

-LES 10 ANS DE DOUTES : chaque œuvre est la survivante de mille projets abandonnés car jugés insuffisants ou imparfaits.

-LA SOLITUDE DE LA RECHERCHE : des milliers d'heures de face-à-face avec le vide pour extraire une idée qui n'appartient qu'à l'artiste.

-LE COÛT DE L'EXPERTISE : cette précision du geste n'est pas un don inné, c'est la cicatrice de l'expérience et des échecs passés.

Pourtant, une question persiste : peut-on réellement marchander le prix d'une vie de recherche ?

Négocier de manière agressive, c'est souvent ignorer que l'on ne discute pas le prix d'un objet matériel, mais la valeur d'un parcours humain profond. Pour l'artiste, chaque demande de rabais excessive peut être vécue comme une remise en question brutale de sa propre légitimité.

C'est là que se situe le véritable enjeu de l'accueil de l'art : comprendre que derrière l'apparence se cache une structure complexe d'efforts.

Soutenir un artiste, ce n’est pas faire un simple achat plaisir ou décoratif. C’est investir dans la pérennité d’une vision du monde qui refuse la facilité et la standardisation. C’est permettre à cette recherche de continuer sereinement pour les dix prochaines années.

Au moment de l'acquisition, la valeur perçue devrait être celle de la sérénité et de l'authenticité que l'œuvre apporte à votre quotidien.

Et vous, au moment d'acheter, regardez-vous l'objet fini ou le chemin de croix parcouru pour y arriver?

LELOLUCE Officiel  Pascale Defrancq  Maxime Girard  FRANCK ALAGNA Anna Normand Catherine SENECHAL  Nicole AZOULAY Marine Tassou HaTiG Tigran AROUTUNIAN  Antoine Junior Alves  Abraham Aronovitch françois poulat  Floart AUTELIN  jean paul BOYER  Jean-Marie Gitard Ronan Martin Sandrine Hirson Rodica Costianu Adélaïde Leferme Marie de SAINT GERMAIN  Marianne QUINZIN  Romain HURDEQUINT  Catherine Meulemans  Alix Goor  Diane Detalle Van Guillemin  Adam Akner  Lucile JULIEN  Frédéric Julien JULIEN 

QUESTION POUR LES ARTISTES : Comment vivez-vous les clients qui négocient trop? Est-ce pour vous un manque de respect flagrant ou considérez-vous cela comme une règle du jeu nécessaire dans vos échanges?

👇 J'attends vos avis en commentaires."
108,30,1mo,Image,52,15,3,103,https://www.linkedin.com/posts/timoth%C3%A9e-roy-3a5492172_jai-pass%C3%A9-ces-derniers-mois-%C3%A0-%C3%A9changer-avec-activity-7460214280769007616-GKji?utm_source=social_share_send&utm_medium=member_desktop_web&rcm=ACoAAB1zxT0BbT_wYsD16ZWWyviKhnV45MAVhAE,"J'ai passé ces derniers mois à échanger avec des dizaines de galeristes et de curateurs. Le constat est souvent le même : beaucoup sont restés bloqués dans un logiciel qui n’existe plus.

Ils sont formatés à ""l'ancienne"". Pour eux, la valeur se mesure encore uniquement au nombre de lignes sur un CV institutionnel.
Ils voient d’un mauvais œil l’artiste qui maîtrise sa communication, celui qui assume son rôle d'influenceur ou qui s’approprie les nouvelles plateformes de diffusion. Pourtant, c’est précisément là que se joue l’avenir.

La réalité du terrain en 2026 est brutale : 
Pendant qu'un artiste ""établi"" plafonne parfois à 10 ventes par an, l’artiste hybride, lui, active des leviers de croissance inédits. Il n'attend plus le feu vert des institutions pour exister ; il crée sa propre audience, sa propre puissance de frappe et, in fine, son propre marché.

Chez InRealArt nous refusons ce conservatisme. La curation moderne, c’est l’équilibre. C’est savoir sécuriser un patrimoine avec des noms cotés chez Christie’s ou dans les plus grandes galeries internationales, tout en misant sur l’agilité de ceux qui dictent les nouveaux usages.
Ignorer la situation économique globale et l’érosion du modèle traditionnel n'est pas une posture protectrice, c’est une erreur stratégique.

Pour découvrir comment nous accompagnons nos jeunes talents : https://lnkd.in/e-dwCG5q

Ouvrons le débat : 
Le marché de l'art doit-il rester un club fermé qui dicte ses propres règles, ou doit-il enfin s'ouvrir aux codes de l'économie réelle et du digital ?

Le rôle du curateur est-il encore de ""valider"" un talent, ou doit-il devenir un stratège capable d'accompagner une explosion qui, de toute façon, aura lieu avec ou sans lui ?

LELOLUCE Officiel  Pascale Defrancq  Maxime Girard  FRANCK ALAGNA Anna Normand Catherine SENECHAL  Nicole AZOULAY Marine Tassou HaTiG Tigran AROUTUNIAN  Antoine Junior Alves  Abraham Aronovitch françois poulat  Floart AUTELIN  jean paul BOYER  Jean-Marie Gitard Ronan Martin Sandrine Hirson Rodica Costianu Adélaïde Leferme Marie de SAINT GERMAIN  Marianne QUINZIN  Romain HURDEQUINT  Catherine Meulemans  Alix Goor  Diane Detalle Van Guillemin  Adam Akner  Lucile JULIEN  Frédéric Julien JULIEN 

👇 J'attends vos avis en commentaires.

Photo : Victialy Nguyen - Tournage pour l'émission ""Les Métiers de la Création"" 

Pour en savoir plus sur l'émission 👉 Patricia Allouche - Florence Duprat"
109,30,1mo,Long-form text,22,5,3,43,https://www.linkedin.com/posts/timoth%C3%A9e-roy-3a5492172_leasing-d%C5%93uvres-dart-pour-entreprises-activity-7459582106931834881-C3L5?utm_source=social_share_send&utm_medium=member_desktop_web&rcm=ACoAAB1zxT0BbT_wYsD16ZWWyviKhnV45MAVhAE,"Leasing d'art : Mécénat stratégique ou simple ""optimisation"" de bilan ?

Derrière les façades de verre des sièges sociaux, une révolution silencieuse s'opère. L'art contemporain ne se contemple plus seulement dans le silence des musées. Il s’invite désormais au cœur des bilans comptables.

Mais au-delà de l’avantage fiscal, qui profite réellement de ce système ?

Le leasing (ou location avec option d'achat) permet à une entreprise de louer une œuvre sur une période de 13 à 48 mois. Contrairement à l'achat direct qui est une dépense non déductible (immobilisation), le leasing transforme l'art en une charge d'exploitation.

Pour le dirigeant, l'intérêt est double : déduction intégrale des loyers du résultat imposable et étalement des coûts pour préserver la trésorerie. 

C'est l'art de transformer une fiscalité subie en un investissement d'image.

Longtemps perçu comme une niche, ce moteur devient essentiel pour la culture :
-Pour les artistes : Une rémunération immédiate (la société de leasing achète l'œuvre cash) et une visibilité là où se prennent les décisions. 
-Pour les galeries : Un levier pour briser les barrières budgétaires et démocratiser l'acquisition. 
-Pour l'entreprise : Transformer des bureaux anonymes en un vecteur de valeurs sociales et de fierté. 

Pourtant, une question demeure : l'art en entreprise doit-il être réduit à une simple ligne d'amortissement ?

Soyons honnêtes : acheter de l'art pour décorer, c'est une dépense. Utiliser le leasing pour soutenir la création, c'est une stratégie. Ce n'est plus de la décoration subie, c'est une culture d'entreprise choisie qui valorise autant votre bilan que le travail des artistes.

Pour explorer les mécanismes précis et les enjeux fiscaux de cette année, voici notre analyse complète : 👉 https://lnkd.in/ecyR2PiY

L’entreprise est-elle en train de remplacer l’État comme premier mécène des artistes ? Et si oui, est-ce une chance pour la culture ou un danger pour l'indépendance de la création ?

LELOLUCE Officiel  Pascale Defrancq  Maxime Girard  FRANCK ALAGNA Anna Normand Catherine SENECHAL  Nicole AZOULAY Marine Tassou HaTiG Tigran AROUTUNIAN  Antoine Junior Alves  Abraham Aronovitch françois poulat  Floart AUTELIN  jean paul BOYER  Jean-Marie Gitard Ronan Martin Sandrine Hirson Rodica Costianu Adélaïde Leferme  Ekaterina Aristova  Marie de SAINT GERMAIN  Marianne QUINZIN  Romain HURDEQUINT  Catherine Meulemans  Alix Goor  Diane Detalle Van Guillemin  Adam Akner  Lucile JULIEN  Frédéric Julien JULIEN  

👇 PS : Je vous ai glissé un simulateur gratuit en premier commentaire"
110,30,1mo,Image,168,26,11,268,https://www.linkedin.com/posts/timoth%C3%A9e-roy-3a5492172_art-galerie-salon-activity-7452291155398000641-sa-d?utm_source=social_share_send&utm_medium=member_desktop_web&rcm=ACoAAB1zxT0BbT_wYsD16ZWWyviKhnV45MAVhAE,"L’art est partout.
Les acheteurs, beaucoup moins.

Et entre les deux, un système de foires… et de salons associatifs…
où ceux qui ont le moins financent souvent ceux qui ont déjà tout.

Les grandes foires comme Art Basel ou Art Paris concentrent l’attention.

Elles promettent :
→ visibilité internationale
→ accès aux collectionneurs
→ accélération de carrière

Mais leur coût est devenu structurellement excluant.

Participer peut représenter :
→ 50 000 à 200 000 € pour un stand
→ jusqu’à 400 000 € avec les frais annexes

Dans ce modèle :
→ les grandes galeries sécurisent leur position
→ les plus petites prennent le risque
→ et beaucoup ne rentrent pas dans leurs frais

Face à ces barrières, les artistes se tournent vers des salons indépendants ou associatifs.

Une alternative en apparence plus accessible.

Mais dont l’économie révèle un autre déséquilibre :
→ peu ou pas de sponsors structurants
→ des associations à but non lucratif fragiles
→ une organisation centrée sur le volume

Et surtout :
les artistes les moins établis financent, par leur participation, la visibilité globale… y compris celle des profils déjà installés.

Le jour J :
→ peu d’accompagnement commercial
→ beaucoup d’exposants
→ peu de conversion réelle

Le problème n’est pas les foires.
Ni les salons.

Le problème, c’est le modèle.

Un système où :
→ tu payes pour être vu
→ sans garantie d’être vendu

Et où la “visibilité” devient une fin…
au lieu d’être un moyen.

À force de multiplier les stands, on oublie une réalité simple :
un marché ne se mesure pas au nombre d’exposants…
mais au nombre d’acheteurs actifs.

La vraie question n’est pas d’exposer plus…
mais de vendre mieux.

Artistes, galeristes, collectionneurs : curieux de vos retours.

💬 On en parle ?

LELOLUCE Officiel  Pascale Defrancq  Maxime Girard  FRANCK ALAGNA Anna Normand Catherine SENECHAL  Nicole AZOULAY Marine Tassou HaTiG Tigran AROUTUNIAN  Antoine Junior Alves  Abraham Aronovitch françois poulat  Floart AUTELIN  jean paul BOYER  Jean-Marie Gitard Ronan Martin Sandrine Hirson Rodica Costianu Adélaïde Leferme Marie de SAINT GERMAIN  Marianne QUINZIN  Romain HURDEQUINT  Catherine Meulemans  Alix Goor  Diane Detalle Van Guillemin  Adam Akner  Lucile JULIEN   Victor Sasportas  Frédéric Julien JULIEN  

📌 Sources :
Artsy – The true cost of Art Basel :
https://lnkd.in/e9wHP4PT
Artnet – Art market report & dealer costs :
https://lnkd.in/eRUDfwhD
Notre article de blog :
https://lnkd.in/euarRUT5

#art #galerie #salon"
111,30,1mo,Image,31,2,1,39,https://www.linkedin.com/posts/timoth%C3%A9e-roy-3a5492172_la-fin-du-mod%C3%A8le-white-cube-galeristes-activity-7454428375399518208-bWx5?utm_source=social_share_send&utm_medium=member_desktop_web&rcm=ACoAAB1zxT0BbT_wYsD16ZWWyviKhnV45MAVhAE,"La fin du modèle “White Cube”

Galeristes : vos œuvres doivent-elles encore attendre… qu’un collectionneur pousse la porte ?

Pendant des décennies, le modèle dominant était clair :
→ un espace neutre
→ des murs blancs
→ une expérience silencieuse
→ une œuvre mise à distance

Le “White Cube” s’est imposé comme standard de présentation de l’art contemporain.

Mais ce modèle montre ses limites.

La fréquentation est incertaine. La dépendance aux collectionneurs reste forte. Et les ventes… imprévisibles.

Dans le même temps, les usages évoluent.

L’art ne se limite plus à :
→ la galerie
→ la foire
→ le musée

Il cherche de nouveaux espaces.

Une transformation est en cours :
→ entreprises
→ hôtellerie
→ immobilier
→ espaces de travail

L’art s’intègre progressivement dans l’économie réelle.

De nouveaux modèles émergent :
→ leasing d’œuvres
→ art en entreprise (B2B)
→ abonnements
→ collections corporate

Avec une logique différente :
→ revenus récurrents
→ diffusion plus large
→ nouveaux publics

Le “White Cube” n’est pas forcément obsolète.
Mais il n’est plus suffisant.

Une idée s’impose :
l’art ne peut plus dépendre uniquement de lieux dédiés et de moments ponctuels.

Il doit circuler. 
S’intégrer. 
Habiter d’autres contextes.

D’où cette affirmation qui divise :
le cube blanc est-il en train de mourir…ou simplement de perdre son monopole ?

Peut-être que l’enjeu n’est plus de choisir un modèle.
Mais de multiplier les points de contact entre l’art et le réel.

L’art ne disparaît pas. Il se déplace.

Découvrez notre article de blog dédié au leasing : https://lnkd.in/ecyR2PiY

LELOLUCE Officiel  Pascale Defrancq  Maxime Girard  FRANCK ALAGNA Anna Normand Catherine SENECHAL  Nicole AZOULAY Marine Tassou HaTiG Tigran AROUTUNIAN  Antoine Junior Alves  Abraham Aronovitch françois poulat  Floart AUTELIN  jean paul BOYER  Jean-Marie Gitard Ronan Martin Sandrine Hirson Rodica Costianu Adélaïde Leferme Marie de SAINT GERMAIN  Marianne QUINZIN  Romain HURDEQUINT  Catherine Meulemans  Alix Goor  Diane Detalle Van Guillemin  Adam Akner  Lucile JULIEN   Victor Sasportas  Frédéric Julien JULIEN  

Et vous, êtes-vous prêts à le sortir du cube ?

On en parle 💬"
112,30,1mo,Image,30,1,0,33,https://www.linkedin.com/posts/timoth%C3%A9e-roy-3a5492172_peut-on-encore-%C3%AAtre-engag%C3%A9-sans-%C3%AAtre-r%C3%A9cup%C3%A9r%C3%A9-activity-7453710612028899328-3qHH?utm_source=social_share_send&utm_medium=member_desktop_web&rcm=ACoAAB1zxT0BbT_wYsD16ZWWyviKhnV45MAVhAE,"Peut-on encore être engagé… sans être récupéré ?

Depuis plusieurs années, les thématiques politiques, sociales et identitaires occupent une place croissante dans l’art contemporain.

→ écologie
→ féminisme
→ post-colonialisme
→ questions de genre

L’engagement est devenu visible.
Mais aussi… valorisé.

Dans le même temps, le marché s’en empare.
Les œuvres engagées circulent dans :

→ les grandes foires
→ les galeries internationales
→ les institutions

Avec, souvent, des prix élevés.

Un paradoxe apparaît.

Des œuvres critiques du capitalisme, des inégalités ou des systèmes de domination se retrouvent intégrées… dans ces mêmes systèmes.

Pour les curateurs, la tension est réelle :

→ soutenir des démarches artistiques sincères
→ sans les réduire à une tendance
→ ni les transformer en argument de vente

Car une question dérange :
l’engagement politique de l’artiste est-il devenu un produit marketing ?

Certaines observations alimentent le débat :

→ des thèmes “engagés” plus visibles car plus programmés
→ une demande accrue des institutions et collectionneurs
→ une standardisation de certaines esthétiques critiques

Le risque n’est pas l’engagement.

C’est sa normalisation.

Quand le message devient attendu, 
il peut perdre de sa portée.

Quand il devient rentable, il change de statut.

Pour les curateurs, l’enjeu est délicat :
comment exposer des œuvres critiques sans neutraliser leur charge politique ?

Et pour le marché :
peut-il intégrer la contestation sans la transformer ?

L’art engagé n’a jamais été aussi présent. 
Mais peut-être jamais aussi intégré.

LELOLUCE Officiel  Pascale Defrancq  Maxime Girard  FRANCK ALAGNA Anna Normand Catherine SENECHAL  Nicole AZOULAY Marine Tassou HaTiG Tigran AROUTUNIAN  Antoine Junior Alves  Abraham Aronovitch françois poulat  Floart AUTELIN  jean paul BOYER  Jean-Marie Gitard Ronan Martin Sandrine Hirson Rodica Costianu Adélaïde Leferme Marie de SAINT GERMAIN  Marianne QUINZIN  Romain HURDEQUINT  Catherine Meulemans  Alix Goor  Diane Detalle Van Guillemin  Adam Akner  Lucile JULIEN   Victor Sasportas  Frédéric Julien JULIEN  

On en parle ?

-Sources : https://lnkd.in/eC-YCeFQ"
113,30,1mo,Image,28,4,2,44,https://www.linkedin.com/posts/timoth%C3%A9e-roy-3a5492172_vous-vouliez-peindre-vous-passez-vos-journ%C3%A9es-activity-7453019298752573440-GSYE?utm_source=social_share_send&utm_medium=member_desktop_web&rcm=ACoAAB1zxT0BbT_wYsD16ZWWyviKhnV45MAVhAE,"Vous vouliez peindre. 
Vous passez vos journées à remplir des fichiers Excel et des bordereaux d’envoi. 

Un déséquilibre structurel traverse aujourd’hui les métiers artistiques. 

Les études montrent que : 
→ environ 15 à 20 % du temps de travail des artistes est consacré à l’administratif, au marketing et à la gestion 
→ et, plus largement, jusqu’à 70 % du temps des professionnels créatifs échappe à la création pure 

Autrement dit : la majorité du temps ne sert pas à créer. 

Dans le détail, le quotidien s’éloigne progressivement de l’atelier : 
→ devis, facturation, relances 
→ dossiers de subventions 
→ contrats et assurances 
→ logistique et expéditions 
→ suivi d’inventaire, fichiers, mises à jour 

Des tâches nécessaires. 
Mais périphériques. 

Conséquence : 
→ un temps de production réduit 
→ une attention fragmentée 
→ une charge mentale constante 
→ et un risque d’épuisement progressif 

Le problème n’est pas l’administratif. 

Il tient à sa place. 

Quand il occupe la majorité du temps réel, il redéfinit le métier. 

Créer reste l’activité centrale. 

Mais devient, dans les faits, une variable d’ajustement. 

Une question émerge : comment protéger le temps de création dans un système qui le grignote en permanence ? 

LELOLUCE Officiel  Pascale Defrancq  Maxime Girard  FRANCK ALAGNA Anna Normand Catherine SENECHAL  Nicole AZOULAY Marine Tassou HaTiG Tigran AROUTUNIAN  Antoine Junior Alves  Abraham Aronovitch françois poulat  Floart AUTELIN  jean paul BOYER  Jean-Marie Gitard Ronan Martin Sandrine Hirson Rodica Costianu Adélaïde Leferme Marie de SAINT GERMAIN  Marianne QUINZIN  Romain HURDEQUINT  Catherine Meulemans  Alix Goor  Diane Detalle Van Guillemin  Adam Akner  Lucile JULIEN   Victor Sasportas  Frédéric Julien JULIEN  

On en parle ?

Source : 
 – Creativepool, Why do creatives spend so much time on non-creative work?https://lnkd.in/e6zUWPjc"
114,30,1mo,Text only,10,0,2,14,https://www.linkedin.com/posts/timoth%C3%A9e-roy-3a5492172_artcontemporain-exposition-artistes-activity-7452378058319327232-NWMi?utm_source=social_share_send&utm_medium=member_desktop_web&rcm=ACoAAB1zxT0BbT_wYsD16ZWWyviKhnV45MAVhAE,"Heureux de vous dévoiler une nouvelle exposition qui s’inscrit dans la saison artistique d’InRealArt : « Quatre Regards – Sur l’Essentiel »

Trois artistes de notre catalogue au talent remarquable réunis pour cette occasion : jean paul BOYER, Alain Pontecorvo & Floart AUTELIN .

📅 Du 1er mai au 30 mai 2026

🥂 Vernissage le 1er mai à partir de 18h30

📍 Galerie LJ – Nontron – 4 Rue de Verdun 24300

Merci aux artistes pour leur confiance, ainsi qu’à nos partenaires et à toutes celles et ceux qui contribuent à rendre cet événement possible.

Au plaisir de vous y retrouver pour ce moment de partage autour de l’art.

Anna Chrusciany Maxime Girard Lucile JULIEN

#Art #ArtContemporain #Exposition"
115,30,1mo,Image,58,8,3,88,https://www.linkedin.com/posts/timoth%C3%A9e-roy-3a5492172_le-rapportart-basel-ubs-2025pose-un-diagnostic-activity-7457677943385808896-9Sh3?utm_source=social_share_send&utm_medium=member_desktop_web&rcm=ACoAAB1zxT0BbT_wYsD16ZWWyviKhnV45MAVhAE,"Le rapport Art Basel & UBS 2025 pose un diagnostic qui devrait faire vibrer tout l'écosystème : le marché mondial renoue avec la croissance à 59,6 milliards de dollars. 

Mais cette reprise cache une mutation profonde du marché.

On observe aujourd'hui un paradoxe fascinant. 

D’un côté, les ventes en ligne reculent en valeur (18% du marché total), signe que les collectionneurs reviennent chercher la validation physique en galerie. 

De l'autre, le nombre d'artistes présents sur les plateformes de vente directe et les réseaux sociaux n’a jamais été aussi pharamineux.

Cette explosion de l’offre numérique crée ce que l'on peut appeler la crise du « court-circuit », où trois problématiques majeures entrent en collision :

-Le dumping tarifaire : En se diffusant sur une multitude de plateformes, beaucoup d’artistes proposent un prix ""atelier"" en ligne inférieur de 20 à 30% à celui de leur galeriste. Résultat ? Le collectionneur perd ses repères et la valeur de l’œuvre devient illisible.

-L'équation impossible des pros : Comment une galerie peut-elle financer des foires internationales et porter une cote sur le long terme si l'artiste pratique une concurrence frontale en ligne ? Le professionnel ne peut tout simplement pas tenir les pourcentages de réduction agressifs imposés par les plateformes.

-Le plafond de verre du digital : Si le web est une porte d’entrée vitale (46% des acheteurs en ligne sont des nouveaux entrants), il peine à valider seul la carrière d'un artiste. La visibilité de masse ne remplace pas encore la crédibilité institutionnelle.

Pour sortir de cette impasse, le défi n'est pas de quitter le web, mais d'y rétablir une ""paix tarifaire"" à travers un modèle hybride :

-La parité absolue : Une œuvre coûte la même chose partout. La commission du diffuseur n'est plus une taxe, mais un investissement marketing partagé.

-La segmentation stratégique : Réserver l’exclusivité et les pièces majeures au circuit physique, tout en utilisant le flux numérique pour des éditions ou des formats spécifiques.

-Le galeriste ""Agent de Flux"" : Transformer la galerie en garant de la cohérence globale de l'artiste sur toutes ses interfaces, et non plus seulement en simple lieu d'exposition.

LELOLUCE Officiel  Pascale Defrancq  Maxime Girard  FRANCK ALAGNA Anna Normand Catherine SENECHAL  Nicole AZOULAY Marine Tassou HaTiG Tigran AROUTUNIAN  Antoine Junior Alves  Abraham Aronovitch françois poulat  Floart AUTELIN  jean paul BOYER  Jean-Marie Gitard Ronan Martin Sandrine Hirson Rodica Costianu Adélaïde Leferme Marie de SAINT GERMAIN  Marianne QUINZIN  Romain HURDEQUINT  Catherine Meulemans  Alix Goor  Diane Detalle Van Guillemin  Adam Akner  Lucile JULIEN  Frédéric Julien JULIEN 

Artistes, galeristes : comment ressentez-vous cette tension sur le terrain ? Avez-vous trouvé un équilibre pour que la vente en ligne soutienne la galerie plutôt que de la concurrencer ? 

On en parle. 👇"
116,30,1mo,Image,129,21,13,218,https://www.linkedin.com/posts/timoth%C3%A9e-roy-3a5492172_artistecontemporain-raezseauxsociaux-artistes-activity-7455868829592797184-HQGq?utm_source=social_share_send&utm_medium=member_desktop_web&rcm=ACoAAB1zxT0BbT_wYsD16ZWWyviKhnV45MAVhAE,"L’artiste doit-il devenir un clown sur les réseaux sociaux pour vendre ses toiles ?

Pendant longtemps, la réponse était simple :
galeries, institutions, réseaux traditionnels.

Aujourd’hui, les règles ont changé.

Certains artistes vivent très bien sans galerie.
Grâce à TikTok, Instagram, YouTube ou Twitch, ils construisent leur propre audience, vendent en direct, collaborent avec des marques… et gardent le contrôle.

C’est une révolution :
– plus de liberté
– un accès direct au public
– des revenus récurrents (prints, abonnements, contenus exclusifs…)
– une indépendance vis-à-vis d’institutions qui, faute de moyens, soutiennent de moins en moins d’artistes

Mais il y a un revers.

Dans l’œil de certains collectionneurs, ces nouveaux codes peuvent brouiller l’image.
Trop de contenu. Trop de proximité. Pas assez de “rareté”.

La question devient alors délicate :
visibilité ou crédibilité ?

À l’inverse, rester uniquement dans les circuits traditionnels reste un choix solide.
C’est rassurant, structuré, reconnu.

Mais c’est aussi se couper :
– d’un public plus jeune
– d’opportunités avec des marques
– de formats de revenus plus agiles

Aujourd’hui, un artiste ne vend plus uniquement des œuvres.

Il vend :
– une histoire
– un univers
– une présence

Et pour générer du revenu de manière stable, il doit souvent y consacrer du temps.
Créer, oui.
Mais aussi communiquer, engager, construire.

C’est une nouvelle réalité.

Pas forcément confortable.
Mais difficile à ignorer.

LELOLUCE Officiel  Pascale Defrancq  Maxime Girard  FRANCK ALAGNA Anna Normand Catherine SENECHAL  Nicole AZOULAY Marine Tassou HaTiG Tigran AROUTUNIAN  Antoine Junior Alves  Abraham Aronovitch françois poulat  Floart AUTELIN  jean paul BOYER  Jean-Marie Gitard Ronan Martin Sandrine Hirson Rodica Costianu Adélaïde Leferme Marie de SAINT GERMAIN  Marianne QUINZIN  Romain HURDEQUINT  Catherine Meulemans  Alix Goor  Diane Detalle Van Guillemin  Adam Akner  Lucile JULIEN   Victor Sasportas  Frédéric Julien JULIEN 

👉 Artistes : jusqu’où êtes-vous prêts à adapter votre manière de vous montrer pour exister économiquement, sans compromettre votre identité artistique ?

#artistecontemporain #réseauxsociaux #artistes"
117,30,1mo,Image,57,21,3,126,https://www.linkedin.com/posts/timoth%C3%A9e-roy-3a5492172_art-estates-artistes-activity-7456945794160566272-Eifu?utm_source=social_share_send&utm_medium=member_desktop_web&rcm=ACoAAB1zxT0BbT_wYsD16ZWWyviKhnV45MAVhAE,"Un artiste mort peut-il avoir plus de stratégie qu’un artiste vivant ?

Pendant longtemps, la gestion d’une œuvre s’arrêtait… à la disparition de l’artiste.

Aujourd’hui, les règles ont changé.

Les Estates (successions d’artistes) sont devenus de véritables acteurs du marché.
Ils structurent, protègent, valorisent… et parfois relancent complètement une carrière.

C’est une révolution.

- Une gestion cohérente de l’œuvre dans le temps
- Une maîtrise de l’image et de la rareté
- Des collaborations avec institutions, galeries, marques
- Une capacité à créer de nouveaux revenus (éditions, droits, contenus…)

Mais il y a un revers.

Trop de contrôle peut figer une œuvre.
Trop de stratégie peut lisser ce qui faisait sa singularité.

La question devient alors délicate :
préserver ou faire évoluer ?

À l’inverse, certains artistes (ou leurs ayants droit) choisissent de ne pas structurer.
Moins de contrôle, plus de spontanéité.

Mais c’est aussi prendre le risque :
– d’une perte de valeur
– d’une dilution de l’image
– d’opportunités manquées

Aujourd’hui, une œuvre ne vit plus seule.

Elle s’inscrit dans une narration, une gestion, une vision à long terme.

Et derrière, il y a un vrai travail.
Juridique, stratégique, commercial.

C’est une nouvelle réalité.

Peu visible.
Mais déterminante.

LELOLUCE Officiel  Pascale Defrancq  Maxime Girard  FRANCK ALAGNA Anna Normand Catherine SENECHAL  Nicole AZOULAY Marine Tassou HaTiG Tigran AROUTUNIAN  Antoine Junior Alves  Abraham Aronovitch françois poulat  Floart AUTELIN  jean paul BOYER  Jean-Marie Gitard Ronan Martin Sandrine Hirson Rodica Costianu Adélaïde Leferme Marie de SAINT GERMAIN  Marianne QUINZIN  Romain HURDEQUINT  Catherine Meulemans  Alix Goor  Diane Detalle Van Guillemin  Adam Akner  Lucile JULIEN   Victor Sasportas  Frédéric Julien JULIEN 

👉 Artistes, ayants droit, professionnels : jusqu’où faut-il structurer un Estate pour valoriser une œuvre… sans en dénaturer l’essence ?

#art #estates #artistes"
118,30,1mo,Image,27,5,0,42,https://www.linkedin.com/posts/timoth%C3%A9e-roy-3a5492172_les-ventes-aux-ench%C3%A8res-sont-elles-devenues-activity-7458430442149572608-MPjz?utm_source=social_share_send&utm_medium=member_desktop_web&rcm=ACoAAB1zxT0BbT_wYsD16ZWWyviKhnV45MAVhAE,"Les ventes aux enchères sont-elles devenues un véritable levier stratégique… ou un risque pour la cote d’un artiste ?

Pendant longtemps, les ventes aux enchères étaient perçues comme une consécration.

Aujourd’hui, la réalité est plus complexe.

Le succès d’une vente ne dépend plus uniquement de l’artiste ou de l’œuvre. 

Il dépend aussi :
• de la communication autour de la vente
• de la puissance du réseau de la maison de vente
• des médias et relais spécialisés
• du travail des galeries et agents artistiques
• de la capacité de l’artiste à activer sa propre communauté

Une enchère réussie est souvent le résultat d’un écosystème bien orchestré.

Pour un artiste, ces ventes peuvent offrir :
• une visibilité immédiate
• l’accès à de nouveaux collectionneurs
• une légitimation par l’événement
• des opportunités avec des marques ou institutions
• une accélération de sa notoriété

Dans un marché où les ventes publiques ont progressé de 9 % en 2025 pour atteindre 20,7 milliards de dollars, ces opérations redeviennent centrales dans les stratégies de visibilité et de construction de trajectoire.

Mais il existe aussi un risque.

Une œuvre mal estimée, mal positionnée ou invendue peut fragiliser la perception du marché autour d’un artiste, surtout lorsqu’il est encore en construction.

Car le marché de l’art fonctionne aussi beaucoup à la perception.

Une enchère devient un signal :
• niveau de désirabilité
• cohérence du positionnement
• dynamique autour de l’artiste
• capacité à attirer des collectionneurs

C’est précisément là que le rôle des galeries et agents artistiques devient essentiel.

Une bonne galerie ou un bon agent ne cherche pas uniquement de la visibilité.

Il construit une stratégie cohérente :
• protéger les prix
• sélectionner les bonnes ventes
• contrôler la circulation des œuvres
• travailler le bon positionnement
• construire une vision long terme

Aujourd’hui, une œuvre ne se vend plus uniquement sur sa qualité artistique.

Elle se vend aussi à travers le récit construit autour :
• qui organise la vente ?
• quels collectionneurs sont présents ?
• quels médias ou agences de communication relaient l’événement ?
• quelle image cela renvoie de l’artiste ?

Aujourd’hui, un artiste ne vend plus seulement une œuvre.

Il engage aussi sa perception marché et sa trajectoire future.

LELOLUCE Officiel  Pascale Defrancq  Maxime Girard  FRANCK ALAGNA Anna Normand Catherine SENECHAL  Nicole AZOULAY Marine Tassou HaTiG Tigran AROUTUNIAN  Antoine Junior Alves  Abraham Aronovitch françois poulat  Floart AUTELIN  jean paul BOYER  Jean-Marie Gitard Ronan Martin Sandrine Hirson Rodica Costianu Adélaïde Leferme Marie de SAINT GERMAIN  Marianne QUINZIN  Romain HURDEQUINT  Catherine Meulemans  Alix Goor  Diane Detalle Van Guillemin  Adam Akner  Lucile JULIEN  Frédéric Julien JULIEN  

Selon vous, à partir de quand une vente aux enchères devient-elle stratégique… et à partir de quand devient-elle risquée pour un artiste ?"
119,30,1mo,Long-form text,11,0,2,15,https://www.linkedin.com/posts/timoth%C3%A9e-roy-3a5492172_artcontemporain-exposition-artistes-activity-7455510898804289536-XDW9?utm_source=social_share_send&utm_medium=member_desktop_web&rcm=ACoAAB1zxT0BbT_wYsD16ZWWyviKhnV45MAVhAE,"J-1 avant l’ouverture de l'exposition « Quatre Regards – Sur l’Essentiel » à Nontron.

À travers cette exposition, InRealArt poursuit une ligne claire : proposer des projets exigeants, accessibles et ancrés dans une vraie rencontre entre artistes et public. Le choix de réunir ces quatre profils ne doit rien au hasard. Il traduit une volonté de croiser des écritures fortes, chacune engagée dans une recherche sur l’essentiel.

Le sculpteur jean paul BOYER explore la notion de vide comme matière.
Alain Pontecorvo s’inscrit dans une trajectoire reconnue sur la scène contemporaine, en France comme à l’international.
Floart AUTELIN développe un travail à la frontière de la photographie et de la peinture, nourri par le déplacement et le regard.
Stéphane ILLAND, enfin, propose une lecture sensible et puissante du monde animal.

Ce projet, mené en partenariat avec la LJ Gallery, s’inscrit dans une dynamique plus large : faire circuler l’art contemporain en dehors des circuits attendus, et créer des points de rencontre dans des territoires qui en ont toute la légitimité.

📅 Exposition du 1er au 30 mai 2026
🥂 Vernissage le 1er mai à 18h30
📍 Galerie LJ — 4 rue de Verdun, 24300 Nontron

Un rendez-vous qui affirme, sans effet de manche, une certaine idée de l’exposition : exigeante, ouverte et incarnée.

Le dossier de presse c'est ici : https://lnkd.in/eWNHFgb9

Lien vers l'événement : https://lnkd.in/eBM9nvwi

#ArtContemporain #Exposition #Vernissage"
120,28,4w,Image,39,3,1,50,https://www.linkedin.com/posts/timoth%C3%A9e-roy-3a5492172_art-marchaezdelart-agence-activity-7462735109989969920-uSn6?utm_source=social_share_send&utm_medium=member_desktop_web&rcm=ACoAAB1zxT0BbT_wYsD16ZWWyviKhnV45MAVhAE,"Seul on va plus vite, en agence on va plus loin... et surtout, on encaisse de vrais budgets.

C'est le dilemme qui tiraille tous les créatifs : faut-il s'obstiner à rester un électron libre en direct client, ou accepter de rejoindre une structure pour enfin passer un cap de carrière ?

Le constat terrain est sans appel : l'artiste indépendant passe aujourd'hui 70% de son temps à faire de la prospection froide, de la relance de factures, de la négociation juridique et de la gestion de projet. Autant de temps en moins passé à créer.

Rejoindre une agence, ce n'est pas perdre sa liberté ou ""vendre son âme"". C'est s'offrir un bouclier opérationnel et une force de frappe commerciale pour toucher les plus grands comptes du marché.

Pourquoi ce pivot est devenu indispensable pour grandir ?

-L'ACCÈS AUX GRANDS COMPTES : Les marques du CAC 40 ou les grandes institutions ne briefent plus un artiste solo au statut précaire. Elles confient leurs budgets à des agences structurellement fiables.

-LA PROTECTION JURIDIQUE : L'agence verrouille vos cessions de droits d'auteur, sécurise vos acomptes et gère les litiges.

-LA DÉLÉGATION DE LA CHARGE MENTALE : Pendant que votre agent négocie les tarifs au plus haut, vous êtes payé pour faire ce que vous faites de mieux : créer.

La réalité business est implacable.

L'agence ne prend pas une commission sur votre talent. Elle prend une commission sur la charge mentale, le réseau et le risque contractuel qu'elle vous évite. C'est un deal d'accélération.

Pour l'artiste moderne, s'entourer n'est plus une option de confort, c'est une stratégie de croissance. C'est la différence entre enchaîner les micro-missions instables et bâtir une carrière solide, structurée et hautement rémunérée.

Le marché se professionnalise à vitesse grand V. Rester seul dans son coin devient un risque économique majeur.

Alors, posons la vraie question :

👉 ARTISTES : Êtes-vous enfin prêts à passer le pas et à confier votre business à une agence, ou préférez-vous garder le contrôle absolu de votre quotidien, quitte à saturer ? Qu'est-ce qui vous freine encore aujourd'hui ?

👉 MARQUES & AGENCES : Quel est le premier critère que vous regardez chez un artiste solo pour savoir s'il a les épaules pour intégrer votre catalogue ou vos campagnes ?

LELOLUCE Officiel  Pascale Defrancq  Maxime Girard  FRANCK ALAGNA  Anna Chrusciany Anna Normand Catherine SENECHAL Nicole AZOULAY  Marine Tassou  HaTiG Tigran AROUTUNIAN Antoine Junior Alves Abraham Aronovitch  françois poulat Floart AUTELIN jean paul BOYER Jean-Marie Gitard Ronan Martin Sandrine Hirson Rodica Costianu Adélaïde Leferme  Marie de SAINT GERMAIN Marianne QUINZIN  Romain HURDEQUINT  Catherine Meulemans  Alix Goor Diane Detalle Van Guillemin Victialy Nguyen Corinne Both Rodica Costianu Adam Akner Marine Tassou Adélaïde Lucile JULIEN Victor Sasportas Frédéric Julien JULIEN Marian Gonzalez

💬On en débat en commentaires.

#art #marchédelart #agence #artiste #économiecréative"
121,28,4w,Image,33,8,1,59,https://www.linkedin.com/posts/timoth%C3%A9e-roy-3a5492172_artiste-marques-agence-activity-7462062952884547585-0Wfm?utm_source=social_share_send&utm_medium=member_desktop_web&rcm=ACoAAB1zxT0BbT_wYsD16ZWWyviKhnV45MAVhAE,"Vendre son identité ou vendre une performance ?

C'est la ligne de fracture qui sépare aujourd'hui l'artiste qui ""tente"" des collaborations et l'influenceur professionnel qui bâtit un empire.

Le constat sur le terrain est sans appel : beaucoup d’artistes rêvent de diversifier leurs revenus avec les marques, mais peu sont armés pour le faire.

L’artiste pense être sélectionné uniquement pour son ""aura"" ou son style. C’est une erreur de débutant.

Pour une marque, l’esthétique n’est que la porte d’entrée. Ce qui valide une collaboration à long terme, c’est la STRUCTURE :

-La garantie d’un travail livré en temps et en heure (respect des jalons V1, V2, Final).
-La rigueur face à un brief complexe de 20 pages.
-La réactivité aux invitations d'agenda et le respect des réunions de cadrage.
-Le suivi millimétré des performances.

La réalité opérationnelle est brutale.

Quand une marque vous sollicite, vous recevez un brief, un angle, des decks d’informations produits et des objectifs chiffrés à atteindre.

L’influenceur pro traite cela comme un projet industriel : il pilote son planning, gère ses rendus et parle ROI. L’artiste, lui, balbutie trop souvent son organisation et voit les deadlines comme des variables ajustables.

Pourtant, le talent attire l’attention, mais c’est la structure qui génère des revenus.

Pour les agences qui veulent déployer des catalogues d'artistes, le challenge est immense. Elles ne cherchent pas seulement des créatifs, elles cherchent des PARTENAIRES capables d'absorber une charge de travail structurée sans rupture de delivery.

La leçon est simple : la maîtrise des process et de la data n’est plus une option pour l'artiste moderne, c’est sa survie économique.

C'est la différence entre une opération ponctuelle ""pour la visibilité"" et une collaboration récurrente qui finance une carrière.

LELOLUCE Officiel  Pascale Defrancq  Maxime Girard  FRANCK ALAGNA Anna Normand Catherine SENECHAL  Nicole AZOULAY Marine Tassou HaTiG Tigran AROUTUNIAN  Antoine Junior Alves  Abraham Aronovitch françois poulat  Floart AUTELIN  jean paul BOYER  Jean-Marie Gitard Ronan Martin Sandrine Hirson Rodica Costianu Adélaïde Leferme Marie de SAINT GERMAIN  Marianne QUINZIN  Romain HURDEQUINT  Catherine Meulemans  Alix Goor  Diane Detalle Van Guillemin  Adam Akner  Lucile JULIEN  Frédéric Julien JULIEN 

Alors, on pose les vraies questions :

👉 Artistes : Face à un brief lourd, des réunions de calage et des objectifs de conversion, vous sentez-vous prêts à livrer avec rigueur ou préférez-vous rester dans la ""pureté"" de la création ? Êtes-vous structurés pour vendre votre performance ?

👉 Marques & Agences : Quel est le ""red flag"" organisationnel qui vous fait renoncer à un artiste pourtant ultra-talentueux ?

On en débat en commentaires.

#artiste #marques #agence"
122,21,3w,Image,223,48,23,413,https://www.linkedin.com/posts/timoth%C3%A9e-roy-3a5492172_artmarket-artisteindependant-galeriedart-activity-7464594459641548802-lmUn?utm_source=social_share_send&utm_medium=member_desktop_web&rcm=ACoAAB1zxT0BbT_wYsD16ZWWyviKhnV45MAVhAE,"Le marché de l’art est en train de craquer par le bas, et personne n'en parle.

Derrière les ventes records des grandes maisons d’enchères parisiennes ou londoniennes, la réalité du terrain est d'une violence inouïe : nous faisons face à un écosystème ultra-concentré, verrouillé et profondément inégalitaire.

À l'heure actuelle, le marché souffre énormément, mais pas pour tout le monde. Ce sont les petits artistes indépendants et les galeries de province qui paient le prix fort de la crise, de l'inflation et de la baisse du pouvoir d'achat.

Selon les données du rapport Art Basel & UBS, une poignée de méga-galeries et le « Top 1% » des artistes mondiaux captent la quasi-totalité de la valeur financière, laissant les 99% restants se battre pour des miettes.

Pour les galeries en région, la situation est devenue critique : l'explosion des charges fixes et la centralisation absolue du marché vers la capitale étouffent les structures indépendantes, poussant beaucoup d'entre elles à la fermeture, comme le soulignent régulièrement les alertes du Comité Professionnel des Galeries d'Art.

Privés de ces relais locaux indispensables et invisibilisés par des algorithmes de réseaux sociaux saturés, les artistes indépendants s'épuisent. Les études du Ministère de la Culture le rappellent cruellement : la majorité d'entre eux vivent sous le seuil de pauvreté, contraints de cumuler les jobs alimentaires pour financer leur création.

Quand on n'est pas adoubé par le microcosme parisien ou international, on fait face à un double plafond de verre : le manque de visibilité face aux budgets marketing des géants, et un public local frileux qui arbitre ses dépenses au détriment de l'art vivant.

Défendre l'art à l'échelle humaine et hors des grands centres urbains aujourd'hui, ce n'est plus seulement de la passion, c'est de l'héroïsme entrepreneurial pur et simple.

Parlons-en :
LELOLUCE Officiel  Pascale Defrancq  Maxime  FRANCK ALAGNA  Anna Chrusciany Anna Normand Catherine SENECHAL Nicole AZOULAY   HaTiG Antoine Junior Alves Abraham Aronovitch  françois poulat Floart AUTELIN jean paul BOYER Jean-Marie Ronan Martin Sandrine Hirson Rodica Costianu Adélaïde Leferme Marie de SAINT GERMAIN Marianne  Romain  Catherine  Alix Goor Diane Detalle Van Victialy Corinne Rodica Adam Akner Marine Adélaïde  Victor Frédéric

👉 ARTISTES & GALERISTES : Comment vivez-vous cette crise actuelle du marché ? Quel est votre plus grand défi pour continuer à vendre et exister aujourd'hui ?

Sources : 
-Rapport Art Basel & UBS 2026 : https://lnkd.in/engjAW7F
-Baromètre CPGA 2025 & Crise des Galeries : https://lnkd.in/ebW6ZE3h
-Rapport Sénat & Assemblée Nationale sur les Artistes-Auteurs https://lnkd.in/eHdmUz2K

#ArtMarket #ArtisteIndependant #GalerieDArt #MuseeBoucheix #Francoisboucheix"
123,21,3w,Image,103,21,3,172,https://www.linkedin.com/posts/timoth%C3%A9e-roy-3a5492172_art-artiste-entrepreneur-activity-7463477868635918336-wGYv?utm_source=social_share_send&utm_medium=member_desktop_web&rcm=ACoAAB1zxT0BbT_wYsD16ZWWyviKhnV45MAVhAE,"Créer, c'est à peine 30% du métier d'artiste indépendant.

Les 70% restants ? C'est un job de chef d'entreprise à temps plein, souvent invisible, et pour lequel personne n'a été formé.

Le constat terrain est violent : beaucoup d’artistes talentueux s'épuisent non pas parce qu'ils manquent d'inspiration, mais parce qu'ils croulent sous une charge mentale opérationnelle démesurée.

Quand on fait le choix de rester solo, voici la réalité de la To-Do List quotidienne :

-PROSPECTION : Envoyer des dizaines de mails froids, relancer des directeurs artistiques sur LinkedIn et pitcher son portfolio en boucle. 

-NÉGOCIATION & JURIDIQUE : Rédiger des contrats de cession de droits d’auteur, blinder ses conditions générales de vente et défendre ses prix face à des acheteurs pro. 

-GESTION DE PROJET : Répondre aux briefs de 40 pages, caler les réunions de cadrage sur Teams, gérer les allers-retours de corrections et respecter les deadlines. 

-COMPTABILITÉ & RELANCES : Chasser les factures impayées, gérer les déclarations Urssaf/Maison des Artistes et suivre sa trésorerie sur Excel. 

-MARKETING & RP : Alimenter ses propres réseaux sociaux, peaufiner son personal branding et tenter de choper de la visibilité par soi-même.

La vérité, c'est qu'un artiste solo n'est pas juste un créatif. C'est un directeur commercial, un juriste, un comptable, un community manager et un project manager en une seule personne.

Le talent permet de faire du bon travail, mais c'est cette polyvalence extrême qui permet de payer le loyer. Le problème ? À vouloir porter toutes les casquettes, on finit par faire des burn-out créatifs ou par bâcler la partie artistique.

Le mythe de l'artiste qui attend sagement dans son atelier qu'on vienne le découvrir est mort. Aujourd'hui, l'indépendance a un prix : l'hyper-structure.

Alors, parlons vrai :

LELOLUCE Officiel  Pascale Defrancq  Maxime Girard  FRANCK ALAGNA  Anna Chrusciany Anna Normand Catherine SENECHAL Nicole AZOULAY  Marine Tassou  HaTiG Tigran AROUTUNIAN Antoine Junior Alves Abraham Aronovitch  françois poulat Floart AUTELIN jean paul BOYER Jean-Marie Gitard Ronan Martin Sandrine Hirson Rodica Costianu Adélaïde Leferme  Marie de SAINT GERMAIN Marianne QUINZIN  Romain HURDEQUINT  Catherine Meulemans  Alix Goor Diane Detalle Van Guillemin Victialy Nguyen Corinne Both Rodica Costianu Adam Akner Marine Tassou Adélaïde Lucile JULIEN Victor Sasportas Frédéric Julien JULIEN Marian Gonzalez

👉 ARTISTES : Quelle est la tâche de cette liste qui vous prend le plus d'énergie et que vous détestez le plus faire tout seul ? Comment vous vous organisez pour tenir le coup ?

#art #artiste #entrepreneur"
124,21,3w,Image,64,11,4,105,https://www.linkedin.com/posts/timoth%C3%A9e-roy-3a5492172_artiste-galerie-raezforme-activity-7463872785916850176-KQUb?utm_source=social_share_send&utm_medium=member_desktop_web&rcm=ACoAAB1zxT0BbT_wYsD16ZWWyviKhnV45MAVhAE,"Alerte sur le marché de l’art : les galeries et artistes sont-ils les grands oubliés de la réforme de la facturation ?

C’est le sujet tabou qui commence à agiter les coulisses du secteur. Alors que le marché de l’art fait face à une conjoncture tendue, où les ventes se négocient durement et où chaque minute compte pour prospecter de nouveaux collectionneurs, une déflagration administrative se prépare en coulisses.

Pour beaucoup d'acteurs de l'art, la gestion financière reste artisanale : un document Word édité à la hâte, un PDF classique envoyé par mail pour valider la vente d'une œuvre ou une commission de courtage. Une flexibilité indispensable pour un milieu qui vit au rythme des coups de cœur et des foires.

Sauf que ce modèle va légalement disparaître.

Dès le 1er septembre 2026, l'obligation de réception s'imposera à toutes les entreprises. En 2027, le couperet de l’émission obligatoire tombera pour les micro-entreprises, les artistes-auteurs et les PME (dont la grande majorité des galeries d'art).

Derrière le jargon technique, la réalité est brutale : un ""simple PDF"" n'aura plus aucune valeur juridique. La loi va imposer le passage au ""Factur-X"" (un format mixte qui associe un PDF lisible à un fichier de données informatiques standardisé) ou à d'autres formats spécifiques. Surtout, vous ne pourrez plus envoyer directement votre facture à votre client. Elle devra obligatoirement transiter par des plateformes intermédiaires, les Plateformes de Dématérialisation Partenaires (PDP) ou le portail public de l'État qui transmettront les données en temps réel à l’administration fiscale.

Pourquoi est-ce un sujet critique pour le monde de l'art ?

1- La gestion des spécificités du secteur : Entre la TVA, les artistes-auteurs au régime de la Maison des Artistes/Agessa, et les commissions complexes entre galeries et créateurs, l'automatisation de ces règles s'annonce comme un casse-tête sans nom pour les non-initiés.

2- La perte de temps de création/prospection : Tenter de comprendre et de configurer ces outils à la dernière minute va siphonner un temps précieux. Un temps qui devrait être consacré à la création en atelier ou à la défense des artistes en galerie.

L'anticipation n'est plus une option. Se pencher dès aujourd'hui sur des outils adaptés permet de sécuriser son activité.

LELOLUCE Pascale  Maxime  FRANCK  Anna Anna Catherine Nicole Marine Tassou  HaTiG Antoine Abraham françois Floart jean paul Jean-Marie Ronan Sandrine Rodica Adélaïde Marie Marianne  Romain Catherine Alix Diane Van Victialy Corinne Adam Adélaïde Frédéric Marian

Face à ce calendrier qui s'accélère, la question se pose : professionnels du marché de l'art, galeries, créateurs... avez-vous conscience de ce qui vous attend ou naviguez-vous encore en plein flou ? Venez partager votre réalité en commentaires.

#artiste #galerie #réforme"
125,21,3w,Image,176,67,7,391,https://www.linkedin.com/posts/timoth%C3%A9e-roy-3a5492172_artmarket-ventedirecte-artisteindependant-activity-7465304011085074432-8qpy?utm_source=social_share_send&utm_medium=member_desktop_web&rcm=ACoAAB1zxT0BbT_wYsD16ZWWyviKhnV45MAVhAE,"Vendre en direct pour survivre, quitte à se faire blacklister par les galeries : le nouveau tabou des artistes.

Derrière les grands discours sur le partenariat sacré entre l’artiste et son galeriste, la réalité du terrain impose un choix économique vital qui brise les codes traditionnels du marché.

À l'heure actuelle, face à la crise et à la fermeture des structures de proximité, de plus en plus de petits artistes indépendants font le choix de court-circuiter le système pour vendre directement depuis leur atelier ou via leurs propres canaux numériques.

Le problème ? Ce choix de survie est trop souvent synonyme de sanction immédiate : le bannissement pur et simple par les galeries traditionnelles, qui considèrent la vente directe comme une trahison ou une concurrence déloyale.

Selon les enquêtes de terrain sur les pratiques contractuelles du marché, la clause d’exclusivité territoriale écrite ou tacite reste l’arme absolue des galeries, interdisant à l'artiste de vendre par lui-même, même si la galerie ne lui assure aucun revenu minimal pour vivre.

Pour un artiste indépendant, laisser une œuvre dormir en galerie en espérant une commission à 50% n'est plus tenable lorsque les factures s'accumulent à la fin du mois. Reprendre le contrôle de ses ventes directes permet de récupérer l'intégralité de sa marge, mais au prix fort de se voir fermer définitivement les portes des circuits d'exposition officiels.

Ce chantage à la visibilité crée un climat de tension inédit où les artistes de province, déjà isolés, doivent choisir entre la précarité pour rester ""galerie-compatible"" ou l'indépendance totale au risque d'être marginalisés par le milieu.

La réalité, c’est que le modèle traditionnel de la galerie sangsue ou protectrice exclusive est en train de s'effondrer sous le poids de la réalité économique, forçant une redéfinition complète des rapports de force.

Choisir la vente directe aujourd'hui, ce n'est pas manquer de respect au travail des galeristes passionnés, c’est simplement refuser de mourir de faim pour préserver le decorum d'un marché d'un autre siècle.

LELOLUCE Officiel  Pascale  Maxime  FRANCK ALAGNA  Anna Chrusciany Anna Normand Catherine SENECHAL Nicole AZOULAY   HaTiG Antoine Junior Alves Abraham Aronovitch  françois poulat Floart AUTELIN jean paul BOYER Jean-Marie Ronan Martin Sandrine Hirson Rodica Costianu Adélaïde Leferme Marie de SAINT GERMAIN Marianne  Romain  Catherine  Alix Goor Diane Detalle Van Victialy Corinne Rodica  Marine Adélaïde  Victor Frédéric

👉 ARTISTES : Comment gérez-vous l'équilibre entre vos ventes privées et vos partenariats avec les galeries ?

Rapport d'analyse juridique du CPGA : https://lnkd.in/ez5w36vx 
Enquête sur l'économie des artistes-auteurs (Ministère de la Culture / CNAP) : https://lnkd.in/e2PKsANR 

#ArtMarket #VenteDirecte #ArtisteIndependant #ArtBusiness #DroitDesArtistes"
126,14,2w,Image,59,8,4,91,https://www.linkedin.com/posts/timoth%C3%A9e-roy-3a5492172_la-g%C3%A9ographie-de-lart-se-redessine-la-activity-7467842728496701440-yd1W?utm_source=social_share_send&utm_medium=member_desktop_web&rcm=ACoAAB1zxT0BbT_wYsD16ZWWyviKhnV45MAVhAE,"La géographie de l’art se redessine : la fermeture des galeries en région n’est pas une fatalité économique, c’est une mutation de l’attention.

Derrière les alertes légitimes du Comité Professionnel des Galeries d'Art (CPGA) , la réalité du terrain révèle surtout un point de bascule générationnel.

Le modèle historique de la galerie qui s'appuie principalement sur le passage physique et le collectionnorat local fait aujourd'hui face à des limites structurelles. L'inflation et l'asphyxie des charges fixes imposent de repenser le modèle économique.

Pourtant, le désir d'art contemporain n'a jamais été aussi vivace. Sa trajectoire s'est simplement déplacée : elle est désormais digitalisée, connectée, globale.

Les structures indépendantes qui se démarquent aujourd’hui l'ont compris. Elles ne subissent pas le numérique ; elles l’intègrent comme un prolongement naturel de leur travail de curation :

Le rôle d'une galerie dépasse la simple fonction de vitrine ou d'espace d'exposition. Sa véritable valeur réside dans sa capacité à être un amplificateur de résonance culturelle.

En 2026, cette résonance ne s'arrête plus aux portes du cube blanc : elle se déploie en réseau. Collaborer de manière ouverte avec l'écosystème numérique est sans doute la clé pour rééquilibrer les rapports de force et redonner aux galeries en région la place centrale qu'elles méritent.

LELOLUCE Officiel  Pascale  Maxime  FRANCK ALAGNA  Anna Chrusciany Anna Normand Catherine SENECHAL Nicole AZOULAY   HaTiG Antoine Junior Alves Abraham Aronovitch  françois poulat Floart AUTELIN jean paul BOYER Jean-Marie Ronan Martin Sandrine Hirson Rodica Costianu Adélaïde Leferme Marie de SAINT GERMAIN Marianne  Romain  Catherine  Alix Goor Diane Detalle Van Victialy Corinne Rodica  Marine Adélaïde  Victor Frédéric

💬 Aux galeristes, artistes et acteurs du marché : Comment faites-vous évoluer vos lignes de communication pour accompagner cette transition et toucher les collectionneurs de demain ?

Débattons-en en commentaires.

 jean-françois larrieu - Artcapital 2026"
127,14,2w,Image,141,31,11,256,https://www.linkedin.com/posts/timoth%C3%A9e-roy-3a5492172_artmarket-contemporaryart-artiste-activity-7466394869054304257-pfb3?utm_source=social_share_send&utm_medium=member_desktop_web&rcm=ACoAAB1zxT0BbT_wYsD16ZWWyviKhnV45MAVhAE,"Les jeunes collectionneurs de moins de 40 ans sont en train de récrire les règles du marché de l'art. Et les galeries traditionnelles ne les ont pas encore compris.

Derrière la froideur des statistiques globales du marché de l’art se dessine une révolution sociologique majeure. Une transformation générationnelle aussi profonde, sans doute, que l’introduction d’internet dans le commerce de détail à l’aube des années 2000. Sous nos yeux, une nouvelle génération de collectionneurs est en train de réécrire les codes de l’acquisition, balayant un demi-siècle de traditions de galeries.

Le temps où l'on découvrait un artiste au détour des allées feutrées d’une foire internationale, guidé par l’aura d’un galeriste expert, s'étiole. Les moins de 40 ans n'achètent plus par validation institutionnelle ; ils achètent par immersion. Leur terrain de jeu s'est déplacé sur Instagram, LinkedIn, les newsletters spécialisées ou au cœur d'événements hybrides, à la lisière de l'atelier et du tiers-lieu. L'acte d'achat n'est plus le point de départ d'une relation, mais l'aboutissement d'un compagnonnage numérique. On observe, on décrypte la démarche, on suit le quotidien du créateur pendant des mois. Acheter une œuvre, c'est désormais revendiquer sa place dans le récit de l'artiste.

Selon le rapport Art Basel & UBS, les acheteurs de moins de 40 ans pèsent aujourd'hui 38 % des transactions mondiales. Avec une progression constante de 4 points par an, ils incarneront la majorité absolue d'ici la fin de la décennie. Pour les structures traditionnelles, s'adapter à cette nouvelle grammaire visuelle et relationnelle n'est plus une simple option de communication : c'est une question de survie.

Il serait pourtant erroné de voir dans cette transition une dévaluation de l'art ou un arbitrage purement spéculatif. Ces nouveaux collectionneurs ne sont pas « cheap » ; ils sont rigoureux. Ils refusent de financer l'intermédiation lorsque sa valeur ajoutée n'est pas évidente, exigent une transparence totale sur la construction des prix et recherchent un récit fort, capable de légitimer leur choix artistique auprès de leur entourage.

Le collectionneur de demain n'achète plus seulement un objet esthétique, il acquiert une trajectoire, une vision du monde. Dans ce nouveau paradigme, les artistes qui maîtrisent l'art du storytelling n'attendent plus d'être découverts : ils créent directement leur propre communauté.

LELOLUCE Pascale  Maxime FRANCK Anna Anna Catherine Nicole HaTiG Antoine Abraham  françois Floart jean paul Jean-Marie Ronan Martin Sandrine Adélaïde  Marie de SAINT GERMAIN Marianne Romain Catherine  Alix Goor Diane Van Victialy Corinne Rodica  Marine  Victor Frédéric

Galeristes et artistes, constatez-vous ce basculement au quotidien sur le terrain, et quelles stratégies mettez-vous en place pour vous y adapter ?

Source : https://lnkd.in/engjAW7F

#ArtMarket #ContemporaryArt #Artiste #AlainBonnefoit"
128,14,2w,Long-form text,29,1,8,48,https://www.linkedin.com/posts/timoth%C3%A9e-roy-3a5492172_%C3%A9dition-du-31-mai-2026-le-point-sur-lactualit%C3%A9-activity-7467105232884371457-EmrM?utm_source=social_share_send&utm_medium=member_desktop_web&rcm=ACoAAB1zxT0BbT_wYsD16ZWWyviKhnV45MAVhAE,"L’Hebdo InRealArt s’installe sur LinkedIn. 🚀

Notre newsletter est maintenant disponible sur LinkedIn !

La création contemporaine ne se contente pas d'occuper l'espace. Elle bouscule notre époque, exige des choix stratégiques pour les créateurs et anime un marché en constante mutation. C'est précisément pour explorer ces coulisses avec vous que nous ouvrons ce nouveau chapitre aujourd'hui.

Pour cette Édition, nous avons voulu aller au-delà du simple regard esthétique. Nous décryptons la réalité rigoureuse de la gestion de carrière d'un artiste, un sujet de fond souvent mis de côté et pourtant crucial. 

C’est aussi l’occasion de vous partager nos derniers coups de cœur sur le terrain : l’émotion brute face à la matière et au dialogue public à Fribourg avec Rodica Costianu, la force vibrante des pigments de Nicole AZOULAY, ou encore l'énergie qui a fait vibrer notre récente exposition à Nontron aux côtés de la LJ Gallery avec Alain Pontecorvo , Floart AUTELIN,  jean paul BOYER et Stéphane ILLAND.

Derrière InRealArt, il y a avant tout une aventure humaine et un engagement quotidien pour faire rayonner la culture. L’actualité de nos artistes est présentée chaque semaine : LELOLUCE Officiel  Pascale  Maxime FRANCK ALAGNA Anna Chrusciany Anna Normand Catherine SENECHAL Nicole AZOULAY HaTiG Antoine Junior Alves Abraham Aronovitch  françois poulat Floart AUTELIN jean paul BOYER Jean-Marie Ronan Martin Sandrine Hirson Adélaïde Leferme  Marie de SAINT GERMAIN Marianne Romain Alix Goor Diane Van Victialy Rodica Marine Frédéric

👉 Ne manquez aucune de nos analyses et suivez l'actualité de nos artistes : abonnez-vous dès aujourd'hui pour recevoir chaque semaine l'essentiel de l'art contemporain.

🔗 https://lnkd.in/ekZZgt9x"
129,14,2w,Image,39,1,3,48,https://www.linkedin.com/posts/timoth%C3%A9e-roy-3a5492172_artmarket-artisteindependant-carrieresartistiques-activity-7465734056983359489-wi_j?utm_source=social_share_send&utm_medium=member_desktop_web&rcm=ACoAAB1zxT0BbT_wYsD16ZWWyviKhnV45MAVhAE,"Le cycle de vie d’un artiste est un marathon à l'aveugle, et personne ne donne la carte.

Derrière les grands noms, on imagine souvent une ligne droite guidée par le génie. En réalité, la carrière d'un artiste indépendant est un parcours entrepreneurial jalonné de crises et de plafonds de verre économiques. Si la majorité s'épuise ou abandonne, c'est souvent par manque de stratégie : ils appliquent les mauvaises actions au mauvais moment.

Ce cycle se découpe en 4 stades clés, qui redessinent la trajectoire des créateurs :

-L’Émergence : Recherche technique, démarche et premières ventes de proximité. Le piège : chercher des galeries trop tôt. L'urgence ici est de structurer ses bases juridiques, son positionnement et sa communauté directe.

-La Structuration : La régularité s'installe, mais la logistique et la gestion administrative submergent l'artiste. C'est le moment de rationaliser son temps (outils de gestion, Notion/Excel) et d'arrêter de vendre au rabais.

-L’Expansion : Le relais des galeries et agents devient pertinent pour toucher l'international. Mais attention : sans une structure solide et un fichier client maîtrisé, le rapport de force est déséquilibré.

-La Pérennisation : Le défi est de durer sans se répéter, gérer son catalogue historique, protéger ses droits et maintenir sa cote sur un marché volatile.

Aujourd'hui, l'essor des réseaux sociaux et du numérique bouscule ces frontières traditionnelles, modifiant en profondeur la transition entre ces différentes étapes et ouvrant de nouvelles voies d'émancipation pour les plasticiens.

Les études en sociologie de l'art sont claires : le taux d'abandon reste maximal entre le stade 1 et 2. C'est le moment précis où l'artiste réalise que le talent brut ne suffit pas sans une véritable hygiène entrepreneuriale. Comprendre où l'on se situe, c'est s'éviter un burn-out en acceptant que chaque phase exige des compétences bien distinctes de la simple pratique de l'atelier.

Pour décrypter les mécanismes de cette évolution et découvrir les stratégies concrètes permettant de franchir chaque palier, voici notre analyse détaillée : https://lnkd.in/eb4RtgHv

Parlons-en :
LELOLUCE Officiel  Pascale  Maxime FRANCK ALAGNA Anna Chrusciany Anna Normand Catherine SENECHAL Nicole AZOULAY HaTiG Antoine Junior Alves Abraham Aronovitch  françois poulat Floart AUTELIN jean paul BOYER Jean-Marie Ronan Martin Sandrine Hirson Adélaïde Leferme  Marie de SAINT GERMAIN Marianne Romain Catherine  Alix Goor Diane Van Victialy Corinne Rodica  Marine Adélaïde  Victor Frédéric

👉 ARTISTES, GALERIES & AGENTS : À quel stade de ce cycle vous situez-vous aujourd'hui ? Quel a été votre plus grand défi pour basculer d'une étape à l'autre, ou pour accompagner vos artistes vers le palier supérieur ?

#ArtMarket #ArtisteIndependant #CarrieresArtistiques"
130,7,1w,Image,43,8,5,77,https://www.linkedin.com/posts/timoth%C3%A9e-roy-3a5492172_artmarket-artetinflation-atelierartiste-activity-7470354201664204801-7a6O?utm_source=social_share_send&utm_medium=member_desktop_web&rcm=ACoAAB1zxT0BbT_wYsD16ZWWyviKhnV45MAVhAE,"L'inflation invisible : créer est devenu un luxe de riche, et personne n’en parle.

Derrière l'engouement du public pour les expos et les foires, la réalité économique dans les ateliers est d'une violence inouïe : nous faisons face à une hausse des coûts de production qui asphyxie les créateurs à petit budget.

À l'heure actuelle, la production artistique souffre énormément, mais pas pour tout le monde. Ce sont les artistes émergents et ceux qui travaillent les matières nobles qui paient le prix fort de la crise énergétique et de la spéculation sur les matières premières.

Les données du terrain sont sans appel : le prix des châssis, des pigments de qualité, des métaux, du bois et de la cuisson de la céramique a bondi de manière spectaculaire, tandis que le prix de vente moyen des œuvres d'artistes indépendants stagne, voire baisse.

Pour l’artiste dans son atelier, la situation est devenue critique : le coût pour donner vie à une idée a parfois doublé.L'achat de matériel devient un arbitrage douloureux, poussant beaucoup à revoir leurs ambitions à la baisse, à réduire les formats ou à utiliser des matériaux de moindre qualité.

Privés de marges décentes et incapables de répercuter cette inflation sur des acheteurs eux-mêmes frileux, les artistes s'épuisent. La réalité, c'est qu'on demande aux créateurs d'absorber toutes les pertes pour que l'art reste ""accessible"", au détriment de leur propre survie financière.

Quand on ne roule pas sur l'or ou qu'on n'est pas financé par de riches mécènes, on fait face à un double plafond de verre :l'impossibilité de financer des pièces d'envergure, et le risque constant de travailler à perte.

Acheter ses propres matières premières et continuer à produire de grandes pièces en Occident aujourd'hui, ce n'est plus seulement de l'amour du geste, c'est de l'héroïsme financier pur et simple.

LELOLUCE Pascale Maxime Girard  FRANCK ALAGNA  Anna Chrusciany  Anna Normand Catherine SENECHAL Nicole HaTiG Antoine Abraham françois poulat  Floart AUTELIN  jean paul BOYER Jean-Marie Gitard Ronan Martin Sandrine Hirson  Rodica Costianu  Adélaïde Leferme  Marie de SAINT GERMAIN Marianne QUINZIN  Romain Alix Goor Diane Detalle Van Victialy Nguyen Corinne Both Rodica Costianu  Marine Tassou  Frédéric 

👉 ARTISTES : Comment gérez-vous l'explosion du coût de vos matériaux ? Avez-vous dû changer votre pratique ou réduire vos formats à cause des prix ?

#ArtMarket #ArtEtInflation #AtelierArtiste #ArtisteIndependant #artiste

Photo : Jack Dufour -  Chef de section ""Art Environnemental"" - Salon d'Automne 2024"
131,7,1w,Image,88,23,5,167,https://www.linkedin.com/posts/timoth%C3%A9e-roy-3a5492172_artiste-activity-7469290584151724032-LxnB?utm_source=social_share_send&utm_medium=member_desktop_web&rcm=ACoAAB1zxT0BbT_wYsD16ZWWyviKhnV45MAVhAE,"Le talent est une illusion de débutant. Le marché de l'art n'achète pas des œuvres, il achète des histoires. La cotation d’un artiste contemporain ne se construit pas dans les galeries...

Elle se construit dans les récits. Et personne ne vous le dira franchement.

Derrière les adjudications spectaculaires des grandes maisons de vente et les vernissages médiatisés du Marais, la réalité de la construction d'une cotation artistique révèle un mécanisme que les écoles d'art n'enseignent jamais et que les galeristes préfèrent garder opaque.

La cotation d’un artiste vivant repose sur trois piliers qui n’ont que peu à voir avec la qualité technique de son travail.

Le premier est la cohérence narrative : un artiste dont la démarche est lisible, documentée et répétée dans des contextes variés (presse, catalogues, collections publiques) vaut structurellement plus qu'un artiste techniquement supérieur mais éditorialement invisible.

Le deuxième pilier est la traçabilité institutionnelle : les musées, les centres d'art, les FRAC qui ont exposé l'artiste constituent une forme de caution critique qui légitime la valeur aux yeux des acheteurs institutionnels et des galeristes internationaux. Une exposition au MOMA ne garantit pas la qualité. Elle garantit la valeur perçue.

Le troisième pilier, le plus négligé, est la protection juridique de l'œuvre : un artiste dont les droits de reproduction sont mal cédés, dont le catalogue raisonné est incomplet, dont les certificats d'authenticité sont inexistants, perd une part substantielle de sa valeur marchande potentielle, indépendamment de la qualité intrinsèque de sa production.

Selon les données du marché de l'art français compilées par le CPGA, les artistes accompagnés par un agent professionnel voient leur cotation moyenne progresser 3 fois plus vite que les artistes en autogestion sur une période de 5 ans. L'écart n'est pas dû au talent. Il est dû à la structuration professionnelle, narrative et juridique.

La vérité froide du marché, c'est que la cotation est une construction. Et comme toute construction, elle demande un architecte.

LELOLUCE Pascale Maxime FRANCK Anna Anna Catherine Nicole HaTiG Antoine Abraham françois Floart jean paul Jean-Marie Ronan Sandrine Rodica Adélaïde Marie Marianne Romain Catherine Alix Goor Diane Detalle Van Victialy Corinne Rodica  Marine Victor Frédéric 

ARTISTES & COLLECTIONNEURS : Pensez-vous que la qualité d'une œuvre suffit à construire sa valeur, ou avez-vous déjà constaté que le récit compte autant que le geste artistique ?

Sources :
- Données CPGA sur l'accompagnement artistique : https://lnkd.in/e-j53C7J

#artiste"
132,7,1w,Image,115,67,13,342,https://www.linkedin.com/posts/timoth%C3%A9e-roy-3a5492172_artcontemporain-politiqueculturelle-budget2026-activity-7469991724141015040-Oryp?utm_source=social_share_send&utm_medium=member_desktop_web&rcm=ACoAAB1zxT0BbT_wYsD16ZWWyviKhnV45MAVhAE,"L'art contemporain ne meurt pas faute de talent. Il meurt faute de marché.

On a arrêté d'acheter ce qu'on ne comprend pas.

En 30 ans de désinvestissement culturel et d'éducation artistique marginalisée, on a fabriqué des générations entières qui s'arrêtent devant une œuvre et pensent : ""Ce n'est pas pour moi.""

Et ce que personne dans le milieu ne veut dire à voix haute : les années à venir s'annoncent brutales pour les artistes. Ce n'est plus une hypothèse, c'est dans les chiffres du budget Culture 2026 :

-Le budget global baisse de 4 milliards € à 3,7 milliards €. 

-La Transmission des savoirs et démocratisation perd près de 10% (de 810 M€ à 737 M€). C’est le poste exact qui forme les publics de demain. 

-Les opérateurs du ministère voient leurs subventions d'investissement s'effondrer de 283 M€ à 153 M€ (-45%). 

-Moins de personnels : le plafond d’emplois tombe de 9157 à 8926 ETP. Moins de médiateurs pour faire le lien entre les œuvres et les gens.

La crise qui s'installe n'est pas seulement économique. Elle est culturelle, pédagogique, structurelle.

Pendant ce temps, les galeries ferment, les foires se replient sur les valeurs sûres, et les jeunes artistes sortent d’école avec une dette, un atelier trop cher et un réseau qui s'asphyxie.

Le vrai problème est en amont. La démocratisation n'est pas une question d'accessibilité physique (ouvrir les musées le week-end, mettre des œuvres dans les gares). Elle se joue à 8 ans, dans une salle de classe, quand un enfant apprend ou non, que son ressenti face à une image a de la légitimité.

Ce capital-là, une fois perdu, ne se rattrape pas.

Ce qu'il faudrait, ce n'est pas plus de foires ou de com'. C'est reconstruire, école après école, le lien entre une œuvre et celui qui la regarde. Mais pour ça, il faut des moyens. Et les moyens viennent d'être coupés.

Ce que vivent les artistes aujourd'hui n'est pas une crise passagère. C'est le résultat d'une décision collective prise en silence sur plusieurs décennies : celle de ne plus transmettre.

Le budget 2026 grave ce choix dans le marbre.

LELOLUCE Pascale Maxime FRANCK Anna Anna Catherine Nicole HaTiG Antoine Abraham françois Floart jean paul Jean-Marie Ronan Sandrine Rodica Adélaïde Marie Marianne Romain Catherine Alix Goor Diane Detalle Van Victialy Corinne Rodica  Marine Victor Frédéric

💬 Artistes, galeristes, médiateurs : vous sentez ce resserrement sur le terrain ? Qu'est-ce qui vous inquiète le plus pour les prochaines années ?

#ArtContemporain #PolitiqueCulturelle #Budget2026 #Artiste #ÉconomieDeLArt #BeauxArts"
133,7,1w,Image,200,65,32,459,https://www.linkedin.com/posts/timoth%C3%A9e-roy-3a5492172_le-mythe-de-lartiste-romantique-qui-vit-activity-7468562461697314816-i5EX?utm_source=social_share_send&utm_medium=member_desktop_web&rcm=ACoAAB1zxT0BbT_wYsD16ZWWyviKhnV45MAVhAE,"Le mythe de l’artiste romantique qui vit d’amour et d’eau fraîche est la plus grande illusion du marché de l’art.

La précarité des créateurs n’est pas une fatalité historique, c’est le résultat d’un système économique qui s’est habitué à s'alimenter du travail gratuit et de la spéculation. Le milieu de l’art contemporain adore célébrer le génie des artistes lors des vernissages et s'approprier leur univers, mais il peine à financer le temps réel de la recherche, de l'expérimentation et de la création en atelier.

La réalité du terrain est devenue paradoxale et lourde à porter. Le système demande aujourd’hui aux artistes d’être de véritables couteaux suisses. Ils doivent être à la fois des intellectuels capables de théoriser leur démarche, des logisticiens, des comptables et des stratèges de leur propre communication sur les réseaux sociaux. On exige d'eux une hyperactivité constante, tout cela pour des revenus qui restent trop souvent inférieurs au seuil de subsistance.

Les intermédiaires (foires, grandes structures, plateformes numériques) captent l’essentiel de la visibilité et des flux financiers. Pendant ce temps, l'artiste, qui est pourtant à la source unique de toute cette économie, se retrouve systématiquement en bout de chaîne. Le grand leurre de notre époque consiste à lui proposer de se rémunérer en visibilité. Or, la visibilité ne paie ni les factures, ni le loyer de l’atelier, ni le matériel d'art, ni les charges sociales.

En 2026, ce modèle fondé sur le sacrifice arrive à bout de souffle. Si nous ne faisons pas évoluer de toute urgence le statut de l’artiste vers une vraie reconnaissance de son travail (par le versement systématique de droits de monstration lors des expositions et par un partage plus équitable de la valeur), la création de haut niveau va s'asphyxier. Le risque est de voir l'art contemporain devenir le privilège exclusif de ceux qui ont déjà les moyens financiers de s'offrir le luxe de créer sans en vivre.

Un écosystème qui valorise la culture sans assurer la sécurité matérielle de ses créateurs n'est pas viable. L'art n'est pas un simple supplément d'âme, c'est un travail, et la création a un coût réel.

La professionnalisation de la condition d'artiste est une nécessité absolue pour l'avenir et la diversité de notre scène culturelle. 

💬 Aux artistes, galeristes, curateurs et acteurs culturels : Comment pouvons-nous unir nos forces pour sortir de cette boucle et imposer enfin une juste rémunération du travail artistique ?

LELOLUCE Pascale Maxime FRANCK Anna Anna Catherine Nicole HaTiG Antoine Abraham françois Floart jean paul Jean-Marie Ronan Martin Sandrine Rodica Adélaïde Marie Marianne Romain Catherine Alix Goor Diane Detalle Van Victialy Corinne Rodica  Marine Victor Frédéric 

Ouvrons ce débat nécessaire en commentaires.

LES METIERS DE LA CREATION sur la chaine YouTube JOBTALK TV"
134,7,1w,Image,33,1,3,42,https://www.linkedin.com/posts/timoth%C3%A9e-roy-3a5492172_la-mutation-du-salon-dart-de-lespace-activity-7468207410919272450-IdoO?utm_source=social_share_send&utm_medium=member_desktop_web&rcm=ACoAAB1zxT0BbT_wYsD16ZWWyviKhnV45MAVhAE,"La mutation du salon d'art : de l'espace de monstration à l'écosystème de résonance.

À l'heure où le calendrier des foires internationales s'intensifie, une transition structurelle s'impose à l'écosystème de l'art. La simple présence sur un stand, si prestigieux soit-il, ne suffit plus à fonder la pertinence d'une participation, ni à en équilibrer l'économie.

Face à la convergence des coûts logistiques et à la saturation des sollicitations, le modèle traditionnel du salon hérité du XIXe siècle comme simple juxtaposition de propositions atteint ses limites. Les événements majeurs ne peuvent plus se concevoir comme de simples rendez-vous géographiques. Ils doivent s'affirmer comme des épicentres de flux conceptuels et de visibilité augmentée.

Le regard du collectionneur, qu'il soit institutionnel ou issu des nouvelles générations d'acheteurs, a évolué. Il ne cherche plus une accumulation d'œuvres, mais une véritable acuité éditoriale.

Les manifestations qui redéfinissent aujourd'hui les contours du marché l'ont compris. L'espace physique et l'agora numérique ne s'opposent pas, ils s'articulent dans une symbiose curatoriale.

L'événement s'affranchit de sa temporalité éphémère. Il déploie sa programmation tout au long de l'année à travers des parcours critiques digitaux, des monographies filmées et des perspectives historiques qui contextualisent l'œuvre en amont de sa rencontre physique.

En s'associant à des passeurs de culture, des critiques indépendants et des curateurs connectés, le salon élargit le rayonnement de ses galeries bien au-delà des architectures qui l'abritent.

Le stand se réinvente en espace de dialogue et d'érudition. C'est le lieu de l'expérience vécue, où la confrontation physique avec la matière vient valider et sublimer une émotion esthétique initiée en ligne.

La valeur d’un salon ne s'évalue plus à la seule jauge de sa fréquentation, mais à sa capacité à générer une résonance culturelle durable, capable de féconder le débat d'idées autant que le marché.

En 2026, l'avenir de ces grands rendez-vous réside dans cette approche holistique. En devenant de véritables plateformes de diffusion intellectuelle, les salons offrent aux galeries indépendantes le levier nécessaire pour exister dans un paysage globalisé, tout en préservant l'essence même de l'art : la rencontre.

LELOLUCE Officiel  Pascale  Maxime  FRANCK ALAGNA  Anna Chrusciany Anna Normand Catherine SENECHAL Nicole AZOULAY   HaTiG Antoine Junior Alves Abraham Aronovitch  françois poulat Floart AUTELIN jean paul BOYER Jean-Marie Ronan Martin Sandrine Hirson Rodica Costianu Adélaïde Leferme Marie de SAINT GERMAIN Marianne  Romain  Catherine  Alix Goor Diane Detalle Van Victialy Corinne Rodica  Marine Adélaïde  Victor Frédéric

💬 Aux conservateurs, galeristes et acteurs du monde de l'art : Comment envisagez-vous l'évolution de la scénographie et de la médiation au sein des foires pour répondre aux exigences de ce nouveau regard ?

On en parle."
135,7,1w,Image,75,28,9,177,https://www.linkedin.com/posts/timoth%C3%A9e-roy-3a5492172_artiste-activity-7468963819273420800-8a_e?utm_source=social_share_send&utm_medium=member_desktop_web&rcm=ACoAAB1zxT0BbT_wYsD16ZWWyviKhnV45MAVhAE,"""En ce moment, les artistes contemporains, c'est compliqué.""

Cette confidence d’un grand nom des maisons de ventes françaises résume parfaitement le climat actuel du marché. Après des années d’euphorie et de spéculation frénétique sur de jeunes créateurs à peine sortis de l'école, le marché de l'art contemporain traverse une phase de correction majeure. Les acheteurs, devenus extrêmement prudents, boudent les paris risqués et les cotes gonflées artificiellement sur les réseaux sociaux.

Face à cette crise de confiance, un phénomène stratégique s'accélère : les maisons de ventes et les galeries opèrent un puissant retour de balancier vers les Estates (les successions d’artistes).

Pourquoi ce repli stratégique vers les artistes décédés ou historiques en période de turbulences ?

-La sécurité de l'œuvre close : Par définition, la production d'un artiste disparu est finie. Il n'y a plus de risque de surproduction, de changement radical de style qui déstabiliserait les collectionneurs, ou de surmédiatisation éphémère. Cette finitude rassure les acheteurs qui cherchent des valeurs refuges.

-La validation de l'Histoire de l'art : Un Estate permet de travailler sur un catalogue raisonné, des archives et une perspective historique déjà solidifiée. Les galeries et les maisons de ventes ne vendent plus seulement un objet visuel, elles vendent un morceau d'histoire validé par les institutions et la critique. C'est le moyen idéal de réactiver des artistes sous-cotés ou oubliés, offrant un potentiel de redécouverte sans le risque de la spéculation pure.

-Une stratégie de diversification indispensable : Pour les professionnels, gérer ou collaborer avec un Estate demande une expertise pointue. Ce n'est pas un modèle unique. Il faut travailler main dans la main avec les familles, les avocats fiscalistes et les experts pour trier, inventorier et planifier des ventes successives afin de ne pas saturer le marché. C'est un travail de long terme qui exige d'anticiper la transmission du vivant de l'artiste pour éviter que l'atelier ne finisse dispersé ou oublié.

En période de crise, le marché délaisse l'incertitude du présent pour se réfugier dans la stabilité du passé. L'art contemporain ultra-frais reviendra, mais le temps est aujourd'hui à la consolidation et à la gestion rigoureuse des patrimoines.

LELOLUCE Pascale Maxime FRANCK Anna Anna Catherine Nicole HaTiG Antoine Abraham françois Floart jean paul Jean-Marie Ronan Sandrine Rodica Adélaïde Marie Marianne Romain Catherine Alix Goor Diane Detalle Van Victialy Corinne Rodica  Marine Victor Frédéric 

💬 Aux professionnels du secteur, galeristes, collectionneurs et artistes : Selon vous, comment redonner à l'art contemporain ultra-actuel une nouvelle dynamique saine et durable ?

Au fait, nous analysons en détail ces dynamiques dans nos newsletters : lien est en commentaire

Photo : Catherine Meulemans - Artthema Galerie - Actuellement au Salon Vivre Côté Sud - Stand D41

#artiste"
136,7,1w,Text only,13,0,3,19,https://www.linkedin.com/posts/timoth%C3%A9e-roy-3a5492172_lhebdo-inrealart-entre-renaissance-culturelle-activity-7468570368572690434-7B2e?utm_source=social_share_send&utm_medium=member_desktop_web&rcm=ACoAAB1zxT0BbT_wYsD16ZWWyviKhnV45MAVhAE,"L'actualité culturelle de cette semaine résume parfaitement les paradoxes de notre époque, entre ambition architecturale et défis structurels.

Dans cette nouvelle édition de L’HEBDO INREALART, nos équipes décryptent notamment :

-Le renouveau artistique tant attendu du GrandPalaisRmn.

-Les alertes du Sénat sur la fragilité technique de la BNF.

-Le travail fascinant de l'artiste Van Guillemin, au carrefour des influences européennes et américaines.

Un numéro dense, essentiel pour comprendre les dynamiques actuelles du monde de l'art.

Je vous invite à découvrir l'intégralité de notre analyse et à vous abonner pour ne manquer aucune de nos publications. 👇"
137,6,6d,Image,32,3,0,41,https://www.linkedin.com/posts/timoth%C3%A9e-roy-3a5492172_familyoffice-investissementart-inrealart-activity-7470724083282944000-QpoG?utm_source=social_share_send&utm_medium=member_desktop_web&rcm=ACoAAB1zxT0BbT_wYsD16ZWWyviKhnV45MAVhAE,"Ce que j'ai compris lors de ma dernière réunion de travail avec un Family Office parisien sur la constitution d'une collection d'art contemporain pour leurs clients.

Derrière les rendez-vous professionnels formels et les présentations PowerPoint soignées, certaines conversations changent durablement la façon dont on perçoit son propre métier et son marché.

Il y a trois semaines, j'ai eu un rendez-vous avec un Family Office parisien.
 
Sujet : comment accompagner leurs clients dans la constitution d'une collection d'art contemporain vivant avec une vision patrimoniale à 20 ans.

Ce qui m'a frappé d'emblée, c'est que la question n'était plus de savoir si l'art était un actif sérieux.

La question était désormais opérationnelle : comment sourcer les bons artistes ? Comment évaluer la solidité d'une trajectoire critique ? Comment protéger la valeur dans le temps ? Comment documenter une collection pour en maximiser la valeur à la revente ou à la transmission ?

Ce glissement de la question du 'pourquoi' vers la question du 'comment' est le signal le plus fort que j'aie reçu sur la maturité du marché. 

Les professionnels de la gestion de fortune ne cherchent plus à être convaincus. Ils cherchent des interlocuteurs qui parlent leur langage et qui peuvent leur apporter la même rigueur opérationnelle qu'ils attendent de leurs autres conseillers.

Le marché de l'art se sophistique. Et cette sophistication crée un espace pour un nouveau type d'acteur : ceux qui savent faire le pont entre le monde de la création et le monde de la gestion de patrimoine.

👉 GESTIONNAIRES DE PATRIMOINE : Qu'est-ce qui vous a fait passer du scepticisme sur l'art comme actif à une vraie réflexion d'intégration dans vos stratégies ?

#FamilyOffice #InvestissementArt #InRealArt #GestionDePatrimoine #ArtContemporain #PatrimoineVivant

Art Capital 2024 - Grand Palais - Jean Paul Boyer"
138,1,1d,Image,56,20,8,132,https://www.linkedin.com/posts/timoth%C3%A9e-roy-3a5492172_artcontemporain-artiste-beauxarts-activity-7472571521597681664-7ySW?utm_source=social_share_send&utm_medium=member_desktop_web&rcm=ACoAAB1zxT0BbT_wYsD16ZWWyviKhnV45MAVhAE,"Le marché de l'art est en train de se couper en deux, et la fracture est devenue un gouffre.

Derrière l’illusion de réussite que renvoient les réseaux sociaux et les foires d'art contemporain, la réalité des ateliers est d’une violence inouïe : nous faisons face à un fossé générationnel et statutaire qui condamne les nouveaux talents à la précarité avant même qu'ils ne percent.

À l'heure actuelle, le marché favorise la spéculation sécuritaire, mais pas l'audace. Ce sont les artistes émergents qui paient le prix fort du conservatisme des collectionneurs, frileux à l'idée de miser sur des noms encore non validés par le système.

Selon les données du rapport sur la situation des créateurs, si les artistes déjà confirmés et adoubés parviennent à maintenir leurs cotes grâce à des réseaux ultra-fidélisés, la « nouvelle vague » se heurte à un mur de verre économique. Les budgets d'acquisition se rétractent sur des valeurs refuges.

Pour la jeune création, la situation est devenue critique : l’explosion du coût des matières premières (peinture, bronze, résine) et la hausse des loyers d'ateliers étouffent les artistes en début ou milieu de carrière, comme le soulignent les récentes enquêtes des syndicats d'artistes. La rentabilité d'une production n'a jamais été aussi basse.

Privés d'avances de trésorerie et exclus des grands circuits de diffusion, ces artistes s'épuisent. Les chiffres du Ministère de la Culture et de la Sécurité Sociale des Artistes-Auteurs sont sans appel : la courbe des revenus s'effondre brutalement pour les moins de 40 ans, obligeant la majorité à sacrifier leur temps de création au profit de jobs alimentaires de subsistance.

Quand on n'a pas encore le réseau d'un artiste confirmé ou le soutien financier d'un mécène historique, on fait face à une double peine : le coût exorbitant pour postuler aux salons et l'incapacité d'aligner des prix compétitifs face à une production standardisée.

Vouloir vivre de sa création et faire émerger une signature originale aujourd'hui, ce n'est plus seulement une démarche esthétique, c’est un acte d'endurance économique pur et simple.

Parlons-en :LELOLUCE Pascale Maxime FRANCK Anna Anna Catherine  HaTiG Antoine Abraham françois Floart jean paul Jean-Marie Ronan Sandrine Rodica Adélaïde Marie Marianne Romain Catherine Alix Goor Diane Van Corinne Marine Victor Frédéric

👉 ARTISTES ÉMERGENTS & CONFIRMÉS : Comment vivez-vous ce fossé sur le marché ? Quel est votre plus grand défi pour maintenir vos prix ou vendre vos premières pièces aujourd'hui ?

Sources : 
-Rapport Art Basel & UBS 2026 : https://lnkd.in/eCF3c-tg
-Rapport et Données Artistes-Auteurs A-N : https://lnkd.in/eBGpDrAg

Photo : La Biennale Versaillaise (partenaire officiel). Retrouvez les artistes de cette édition : https://lnkd.in/eKK23DGE

#ArtContemporain #Artiste #BeauxArts"
